tweet_id,Retweeter,Tweeter
7.46E+17,LouiseMensch,bhatti_saqib
7.46E+17,LouiseMensch,davidroachcouk
7.46E+17,LouiseMensch,heirraising
7.46E+17,LeaveEUOfficial,Louners_
7.46E+17,NathanGillMEP,DavidTCDavies
7.46E+17,LouiseMensch,rjocmoss
7.46E+17,TheGreenParty,CarolineLucas
7.46E+17,LouiseMensch,annietrev
7.46E+17,LouiseMensch,bobblackmanmp
7.46E+17,NathanGillMEP,WalesPolitics
7.46E+17,LouiseMensch,M0nk33y
7.46E+17,LouiseMensch,BrexitInJune
7.46E+17,Fight4UK,Nigel_Farage
7.46E+17,Fight4UK,UnaDiscamus
7.46E+17,Fight4UK,MarieBeryl
7.46E+17,Fight4UK,JorgenFaxholm
7.46E+17,Fight4UK,UnaDiscamus
7.46E+17,Fight4UK,rhia97eq
7.46E+17,Fight4UK,ajcdeane
7.46E+17,Fight4UK,roomdesign3
7.46E+17,Fight4UK,Soulofharmony
7.46E+17,Fight4UK,LouiseMensch
7.46E+17,Fight4UK,nufcno1fan
7.46E+17,Fight4UK,ajcdeane
7.46E+17,Fight4UK,MdDeactivated
7.46E+17,Fight4UK,Goldielocks1960
7.46E+17,Fight4UK,Trev_Forrester
7.46E+17,Fight4UK,LeaveEUOfficial
7.46E+17,Fight4UK,Stop_The_EU
7.46E+17,Fight4UK,LeaveEUOfficial
7.46E+17,Fight4UK,stardust193
7.46E+17,Fight4UK,LeaveEUOfficial
7.46E+17,theordinaryman2,theordinaryman2
7.46E+17,Fight4UK,russjb2512
7.46E+17,Fight4UK,PoliticsSense
7.46E+17,Fight4UK,RT_com
7.46E+17,Fight4UK,PrisonPlanet
7.46E+17,Fight4UK,DavidJo52951945
7.46E+17,Fight4UK,pimpmytweeting
7.46E+17,Fight4UK,Stop_The_EU
7.46E+17,Fight4UK,BrexitInJune
7.46E+17,Fight4UK,MdDeactivated
7.46E+17,Fight4UK,Ironwand
7.46E+17,Fight4UK,JJfanblade
7.46E+17,Fight4UK,RogerHelmerMEP
7.46E+17,Fight4UK,JASEMARKRUTTER
7.46E+17,Fight4UK,HandofGOD7
7.46E+17,Fight4UK,LeaveEUOfficial
7.46E+17,Fight4UK,RuthLeaEcon
7.46E+17,Fight4UK,Michael_Heaver
7.46E+17,Fight4UK,pimpmytweeting
7.46E+17,Fight4UK,Hansig_jw
7.46E+17,Fight4UK,Buzzer365
7.46E+17,HonourCovenant,GrayConnolly
7.46E+17,HonourCovenant,lynnesbel
7.46E+17,NathanGillMEP,WalesPolitics
7.46E+17,theordinaryman2,Fight4UK
7.46E+17,theordinaryman2,speakeezie
7.46E+17,PoliticsGhost,Tub_Guy
7.46E+17,Fight4UK,theordinaryman2
7.46E+17,Fight4UK,theordinaryman2
7.46E+17,Fight4UK,theordinaryman2
7.46E+17,Fight4UK,theordinaryman2
7.46E+17,Fight4UK,speakeezie
7.46E+17,Fight4UK,theordinaryman2
7.46E+17,Fight4UK,theordinaryman2
7.46E+17,Fight4UK,theordinaryman2
7.46E+17,Fight4UK,theordinaryman2
7.46E+17,Fight4UK,theordinaryman2
7.46E+17,Fight4UK,theordinaryman2
7.46E+17,Fight4UK,theordinaryman2
7.46E+17,Fight4UK,theordinaryman2
7.46E+17,Fight4UK,theordinaryman2
7.46E+17,Fight4UK,theordinaryman2
7.46E+17,Fight4UK,theordinaryman2
7.46E+17,Fight4UK,theordinaryman2
7.46E+17,Fight4UK,theordinaryman2
7.46E+17,Fight4UK,theordinaryman2
7.46E+17,Fight4UK,theordinaryman2
7.46E+17,Fight4UK,theordinaryman2
7.46E+17,Fight4UK,theordinaryman2
7.46E+17,Fight4UK,theordinaryman2
7.46E+17,Fight4UK,theordinaryman2
7.46E+17,Fight4UK,theordinaryman2
7.46E+17,Fight4UK,theordinaryman2
7.46E+17,Fight4UK,theordinaryman2
7.46E+17,Fight4UK,theordinaryman2
7.46E+17,Fight4UK,theordinaryman2
7.46E+17,Fight4UK,theordinaryman2
7.46E+17,Fight4UK,_rebeccarose17
7.46E+17,Fight4UK,theordinaryman2
7.46E+17,Fight4UK,theordinaryman2
7.46E+17,Fight4UK,theordinaryman2
7.46E+17,Fight4UK,theordinaryman2
7.46E+17,Fight4UK,theordinaryman2
7.46E+17,Fight4UK,LeaveEUOfficial
7.46E+17,Fight4UK,Louners_
7.46E+17,Fight4UK,LeaveEUOfficial
7.46E+17,Fight4UK,LeaveEUOfficial
7.46E+17,Fight4UK,LeaveEUOfficial
7.46E+17,Fight4UK,LeaveEUOfficial
7.46E+17,Fight4UK,LeaveEUOfficial
7.46E+17,Fight4UK,LeaveEUOfficial
7.46E+17,Fight4UK,LeaveEUOfficial
7.46E+17,Fight4UK,LeaveEUOfficial
7.46E+17,Fight4UK,LeaveEUOfficial
7.46E+17,Fight4UK,LeaveEUOfficial
7.46E+17,Fight4UK,LeaveEUOfficial
7.46E+17,Fight4UK,LeaveEUOfficial
7.46E+17,Fight4UK,LeaveEUOfficial
7.46E+17,Fight4UK,LeaveEUOfficial
7.46E+17,theordinaryman2,theordinaryman2
7.46E+17,theordinaryman2,theordinaryman2
7.46E+17,theordinaryman2,theordinaryman2
7.46E+17,theordinaryman2,Gertusout
7.46E+17,theordinaryman2,theordinaryman2
7.46E+17,HonourCovenant,LolFishFail
7.46E+17,theordinaryman2,theordinaryman2
7.46E+17,Fight4UK,vote_leave
7.46E+17,Fight4UK,TellRanil
7.46E+17,Fight4UK,BBCNews
7.46E+17,Fight4UK,suttonnick
7.46E+17,Fight4UK,suttonnick
7.46E+17,Fight4UK,suttonnick
7.46E+17,Fight4UK,suttonnick
7.46E+17,theordinaryman2,theordinaryman2
7.46E+17,theordinaryman2,theordinaryman2
7.46E+17,theordinaryman2,theordinaryman2
7.46E+17,theordinaryman2,theordinaryman2
7.46E+17,theordinaryman2,theordinaryman2
7.46E+17,theordinaryman2,theordinaryman2
7.46E+17,Australiaunwra6,ObeWanKenobiiii
7.46E+17,Australiaunwra6,Stroopdoos
7.46E+17,Stop_The_EU,vote_leave
7.46E+17,Australiaunwra6,KathySholtz
7.46E+17,NHSMillion,Fermentedmust
7.46E+17,Mike_Fabricant,DanHannanMEP
7.46E+17,DavidJo52951945,vote_leave
7.46E+17,Fight4UK,theordinaryman2
7.46E+17,Fight4UK,theordinaryman2
7.46E+17,Fight4UK,theordinaryman2
7.46E+17,Fight4UK,theordinaryman2
7.46E+17,Fight4UK,theordinaryman2
7.46E+17,Fight4UK,theordinaryman2
7.46E+17,Fight4UK,theordinaryman2
7.46E+17,Fight4UK,theordinaryman2
7.46E+17,Fight4UK,theordinaryman2
7.46E+17,Fight4UK,theordinaryman2
7.46E+17,Fight4UK,theordinaryman2
7.46E+17,Fight4UK,theordinaryman2
7.46E+17,Fight4UK,theordinaryman2
7.46E+17,Fight4UK,theordinaryman2
7.46E+17,Fight4UK,theordinaryman2
7.46E+17,Fight4UK,theordinaryman2
7.46E+17,Fight4UK,theordinaryman2
7.46E+17,Fight4UK,theordinaryman2
7.46E+17,Fight4UK,theordinaryman2
7.46E+17,Fight4UK,theordinaryman2
7.46E+17,Fight4UK,theordinaryman2
7.46E+17,Fight4UK,theordinaryman2
7.46E+17,Fight4UK,theordinaryman2
7.46E+17,Fight4UK,theordinaryman2
7.46E+17,Fight4UK,Gertusout
7.46E+17,Fight4UK,theordinaryman2
7.46E+17,Mike_Fabricant,vote_leave
7.46E+17,Dwalingen,Dwalingen
7.46E+17,Fight4UK,M0nk33y
7.46E+17,Fight4UK,bobblackmanmp
7.46E+17,Dwalingen,DemoGrazzi
7.46E+17,Dwalingen,David_J_Price
7.46E+17,Fight4UK,DanHannanMEP
7.46E+17,Fight4UK,DanHannanMEP
7.46E+17,Fight4UK,DanHannanMEP
7.46E+17,Dwalingen,suttonnick
7.46E+17,Fight4UK,RaajShamji
7.46E+17,Dwalingen,1_texanna
7.46E+17,Dwalingen,RavenHUWolf
7.46E+17,Fight4UK,LeaveEUOfficial
7.46E+17,Fight4UK,vote_leave
7.46E+17,Fight4UK,vote_leave
7.46E+17,Dwalingen,GeorginaDowner
7.46E+17,Fight4UK,vote_leave
7.46E+17,Fight4UK,LondonLeave
7.46E+17,Fight4UK,thecriticalg
7.46E+17,Fight4UK,terrylawes
7.46E+17,Fight4UK,LeaveJune23
7.46E+17,Dwalingen,Dwalingen
7.46E+17,Fight4UK,Mawercallum
7.46E+17,Fight4UK,Vote_To_Leave
7.46E+17,Australiaunwra6,Smittyshs
7.46E+17,Fight4UK,NeilHarding
7.46E+17,Australiaunwra6,PayAttnLibs
7.46E+17,sturdyAlex,sturdyAlex
7.46E+17,Fight4UK,Nigel_Farage
7.46E+17,Dwalingen,JePatriote
7.46E+17,Dwalingen,HopeDieBefore
7.46E+17,Fight4UK,Nigel_Farage
7.46E+17,Australiaunwra6,HarridgePike
7.46E+17,LouiseMensch,joe_pattinson
7.46E+17,LouiseMensch,Vicalmar
7.46E+17,Dwalingen,shipwrekked2
7.46E+17,Dwalingen,KappaRar
7.46E+17,Leavethe_EU,V3GA10
7.46E+17,Dwalingen,SpencerHills2
7.46E+17,Fight4UK,BetterOffOut
7.46E+17,Fight4UK,AndrewRosindell
7.46E+17,Fight4UK,davidroachcouk
7.46E+17,Fight4UK,gavthebrexit
7.46E+17,Fight4UK,VladimirMatern
7.46E+17,LouiseMensch,Y_Eurosceptics
7.46E+17,Fight4UK,davidroachcouk
7.46E+17,Fight4UK,Hunter7Taylor
7.46E+17,Fight4UK,Stop_The_EU
7.46E+17,Fight4UK,Stop_The_EU
7.46E+17,Fight4UK,Stop_The_EU
7.46E+17,Fight4UK,_WilliamJones_
7.46E+17,Fight4UK,Stop_The_EU
7.46E+17,Fight4UK,vote_leave
7.46E+17,SkyNews,skyelections
7.46E+17,Dwalingen,bobblackmanmp
7.46E+17,Dwalingen,vote_leave
7.46E+17,Dwalingen,ira_tenax
7.46E+17,Dwalingen,LinkseN8merrie
7.46E+17,Dwalingen,DanHannanMEP
7.46E+17,Dwalingen,SJ_Powell
7.46E+17,Dwalingen,truusdemierr
7.46E+17,Dwalingen,Dwalingen
7.46E+17,Fight4UK,simplysimontfa
7.46E+17,NadineDorriesMP,Mike_Fabricant
7.46E+17,Dwalingen,ira_tenax
7.46E+17,StrongerInPress,NicolaSturgeon
7.46E+17,StrongerInPress,MaryCreaghMP
7.46E+17,Dwalingen,BradleyRAyres
7.46E+17,DavidJo52951945,LeaveEUOfficial
7.46E+17,LouiseMensch,darryncausby
7.46E+17,Dwalingen,bernerlap
7.46E+17,Dwalingen,Trev_Forrester
7.46E+17,JuliaHB1,DanHannanMEP
7.46E+17,StrongerInPress,Jack_Slater
7.46E+17,JuliaHB1,Mike_Fabricant
7.46E+17,NadineDorriesMP,DanHannanMEP
7.46E+17,Mike_Fabricant,NadineDorriesMP
7.46E+17,bazlyons,mrnickharvey
7.46E+17,DickGraceless,docrussjackson
7.46E+17,DickGraceless,alexvtunzelmann
7.46E+17,StrongerInPress,EmmaReynoldsMP
7.46E+17,StrongerInPress,RuthDavidsonMSP
7.46E+17,StrongerInPress,ben4bath
7.46E+17,StrongerIn,RuthDavidsonMSP
7.46E+17,DickGraceless,MagsNews
7.46E+17,StrongerInPress,StrongerIn
7.46E+17,StrongerInPress,redgirlang
7.46E+17,sturdyAlex,Jo_Cox1
7.46E+17,sturdyAlex,Jo_Cox1
7.46E+17,sturdyAlex,Jo_Cox1
7.46E+17,sturdyAlex,Jo_Cox1
7.46E+17,Dwalingen,DavidJo52951945
7.46E+17,Dwalingen,INNOCENT_E_I
7.46E+17,vote_leave,TheSun
7.46E+17,Dwalingen,OnlineMagazin
7.46E+17,Dwalingen,RavenHUWolf
7.46E+17,Dwalingen,UpNorthandGRIM
7.46E+17,Dwalingen,freek
7.46E+17,Dwalingen,FeistyDeanne
7.46E+17,Dwalingen,Students4Leave
7.46E+17,Dwalingen,LeaveEUOfficial
7.46E+17,Dwalingen,Dwalingen
7.46E+17,Dwalingen,Dwalingen
7.46E+17,Dwalingen,Dwalingen
7.46E+17,Dwalingen,Dwalingen
7.46E+17,Dwalingen,Dwalingen
7.46E+17,Dwalingen,Dwalingen
7.46E+17,Dwalingen,Dwalingen
7.46E+17,Dwalingen,Dwalingen
7.46E+17,Dwalingen,Dwalingen
7.46E+17,Dwalingen,Dwalingen
7.46E+17,Dwalingen,Dwalingen
7.46E+17,Dwalingen,Dwalingen
7.46E+17,Dwalingen,Dwalingen
7.46E+17,Dwalingen,Dwalingen
7.46E+17,Dwalingen,Dwalingen
7.46E+17,Dwalingen,Dwalingen
7.46E+17,sturdyAlex,sturdyAlex
7.46E+17,Dwalingen,NickPringle6
7.46E+17,Dwalingen,AcemTem
7.46E+17,StrongerInPress,lilyallen
7.46E+17,Dwalingen,SnouckHurgronje
7.46E+17,StrongerIn,davidwalliams
7.46E+17,Dwalingen,JohnCaveAusten
7.46E+17,sturdyAlex,EmmaDixon_Green
7.46E+17,Dwalingen,UpNorthandGRIM
7.46E+17,LeaveEUOfficial,DavidJo52951945
7.46E+17,StrongerInPress,birminghammail
7.46E+17,Dwalingen,rose20622
7.46E+17,Mike_Fabricant,Daily_Ref
7.46E+17,Dwalingen,Dwalingen
7.46E+17,Mike_Fabricant,Daily_Ref
7.46E+17,TelePolitics,Telegraph
7.46E+17,Telegraph,Telegraph
7.46E+17,vote_leave,DavidTCDavies
7.46E+17,Telegraph,Telegraph
7.46E+17,vote_leave,Mike_Fabricant
7.46E+17,StrongerInPress,ben4bath
7.46E+17,Australiaunwra6,HotMarijke
7.46E+17,Australiaunwra6,MimodiCreta
7.46E+17,theordinaryman2,RaheemKassam
7.46E+17,Australiaunwra6,stingray92
7.46E+17,Australiaunwra6,lameduck1960
7.46E+17,LeaveEUOfficial,littleboy81
7.46E+17,Australiaunwra6,PamsTurkeys
7.46E+17,Australiaunwra6,femiokes
7.46E+17,vote_leave,Vote_LeaveMedia
7.46E+17,vote_leave,lucyallan
7.46E+17,vote_leave,Andrew4Pendle
7.46E+17,Australiaunwra6,Australiaunwra6
7.46E+17,vote_leave,patel4witham
7.46E+17,vote_leave,JasonMcCartney
7.46E+17,vote_leave,BradenDavy
7.46E+17,LeaveEUOfficial,LordFawlty
7.46E+17,LeaveEUOfficial,bruisedarcade
7.46E+17,LeaveEUOfficial,goodyuk
7.46E+17,Dwalingen,burdon57
7.46E+17,Dwalingen,DemoGrazzi
7.46E+17,Dwalingen,Dwalingen
7.46E+17,Dwalingen,Dwalingen
7.46E+17,Dwalingen,Dwalingen
7.46E+17,Dwalingen,Dwalingen
7.46E+17,David_Cameron,sajidjavid
7.46E+17,David_Cameron,edvaizey
7.46E+17,David_Cameron,GregHands
7.46E+17,Dwalingen,TJEmin96
7.46E+17,Dwalingen,ooohouchburn
7.46E+17,Dwalingen,LouiseMensch
7.46E+17,Dwalingen,Geezajay2013
7.46E+17,vote_leave,Ian_Fry
7.46E+17,StrongerIn,JKCorden
7.46E+17,Dwalingen,ElizabethHurley
7.46E+17,StrongerInPress,lucycthomas
7.46E+17,Dwalingen,vote_leave
7.46E+17,Dwalingen,vote_leave
7.46E+17,Dwalingen,WestCapeTribune
7.46E+17,Dwalingen,RemainShame
7.46E+17,StrongerIn,UKLabour
7.46E+17,JeremyCorbyn4PM,jeremycorbyn
7.46E+17,Dwalingen,b_shakespeare
7.46E+17,vote_leave,CllrAlexBright
7.46E+17,Dwalingen,WhittleseyOne
7.46E+17,LeaveEUOfficial,Ian_Fry
7.46E+17,Dwalingen,ira_tenax
7.46E+17,Australiaunwra6,Australiaunwra6
7.46E+17,Dwalingen,davidicke
7.46E+17,vote_leave,struanmackie
7.46E+17,LeaveEUOfficial,RossThomsonTory
7.46E+17,vote_leave,wallaceme
7.46E+17,LeaveEUOfficial,HenrySmithMP
7.46E+17,LeaveEUOfficial,onetokebloke
7.46E+17,theordinaryman2,WritingSupplier
7.46E+17,LeaveEUOfficial,williamdbatesuk
7.46E+17,theordinaryman2,OpenBritain
7.46E+17,theordinaryman2,OpenBritain
7.46E+17,StrongerIn,StrongerInPress
7.46E+17,StrongerIn,EmmaReynoldsMP
7.46E+17,Leavethe_EU,BolsoverBeast
7.46E+17,sturdyAlex,sturdyAlex
7.46E+17,theordinaryman2,theordinaryman2
7.46E+17,StrongerIn,kezdugdale
7.46E+17,StrongerIn,wdjstraw
7.46E+17,HonourCovenant,HonourCovenant
7.46E+17,vote_leave,_michaelhope
7.46E+17,RT_com,RT_Deutsch
7.46E+17,RT_com,Ruptly
7.46E+17,Patriotic_Brit,GrahamPlums
7.46E+17,PlayBuddMansion,junayed_
7.46E+17,Telegraph,Telegraph
7.46E+17,TelePolitics,Telegraph
7.46E+17,HonourCovenant,HonourCovenant
7.46E+17,HonourCovenant,HonourCovenant
7.46E+17,LeaveEUOfficial,simplysimontfa
7.46E+17,vote_leave,RHendron
7.46E+17,vote_leave,Cllr_Mike_Green
7.46E+17,Australiaunwra6,BBalings
7.46E+17,Alexicon83,BritsLovePolls
7.46E+17,Australiaunwra6,Australiaunwra6
7.46E+17,Alexicon83,cllrjoeporter
7.46E+17,HonourCovenant,HonourCovenant
7.46E+17,HonourCovenant,HonourCovenant
7.46E+17,Patriotic_Brit,TotesGoated
7.46E+17,theordinaryman2,theordinaryman2
7.46E+17,LouiseMensch,WeirdLittleHen
7.46E+17,LouiseMensch,labourleave
7.46E+17,JeremyCorbyn4PM,Marshajane
7.46E+17,theordinaryman2,theordinaryman2
7.46E+17,LouiseMensch,labourleave
7.46E+17,theordinaryman2,theordinaryman2
7.46E+17,JeremyCorbyn4PM,jeremycorbyn
7.46E+17,JeremyCorbyn4PM,Marshajane
7.46E+17,Alexicon83,theordinaryman2
7.46E+17,Alexicon83,theordinaryman2
7.46E+17,Alexicon83,hpfgaz
7.46E+17,Alexicon83,williamdbatesuk
7.46E+17,Alexicon83,theordinaryman2
7.46E+17,StrongerInPress,EmmaReynoldsMP
7.46E+17,HonourCovenant,HonourCovenant
7.46E+17,Alexicon83,BritsLovePolls
7.46E+17,Patriotic_Brit,theordinaryman2
7.46E+17,Alexicon83,theordinaryman2
7.46E+17,Alexicon83,Roselady64
7.46E+17,LouiseMensch,GarthGodsman
7.46E+17,TelePolitics,Telegraph
7.46E+17,JuliaHB1,JuliaHB1
7.46E+17,HonourCovenant,HonourCovenant
7.46E+17,HonourCovenant,HonourCovenant
7.46E+17,LouiseMensch,Nezzy_Lives
7.46E+17,StrongerIn,lucianaberger
7.46E+17,PlayBuddMansion,7angels7ashes
7.46E+17,rowbar,MWilcoxson
7.46E+17,Alexicon83,xmoyrax
7.46E+17,Alexicon83,Leehint040598
7.46E+17,rowbar,marcuselliott
7.46E+17,DickGraceless,suey2y
7.46E+17,vote_leave,cmackinlay
7.46E+17,Patriotic_Brit,paulajc1969
7.46E+17,StrongerInPress,StrongerIn
7.46E+17,vote_leave,mkpdavies
7.46E+17,vote_leave,jameskirkup
7.46E+17,Alexicon83,Barkum68
7.46E+17,Alexicon83,asadshan
7.46E+17,vote_leave,ryanhenson87
7.46E+17,NadineDorriesMP,LouiseMensch
7.46E+17,LouiseMensch,top1percentile
7.46E+17,Alexicon83,gorebloodpuke
7.46E+17,Patriotic_Brit,lucid_dementia
7.46E+17,Australiaunwra6,WASPMANTEA
7.46E+17,vote_leave,NadineDorriesMP
7.46E+17,StrongerInPress,ChukaUmunna
7.46E+17,StrongerInPress,ben4bath
7.46E+17,Alexicon83,Nick_LCFCfan
7.46E+17,Alexicon83,theordinaryman2
7.46E+17,Alexicon83,ruraloutback
7.46E+17,vote_leave,JamesBennewith
7.46E+17,Alexicon83,theordinaryman2
7.46E+17,vote_leave,Glenn_Williams1
7.46E+17,Alexicon83,HOCMack
7.46E+17,Australiaunwra6,cut_the_crap_ec
7.46E+17,Australiaunwra6,annika1061
7.46E+17,Alexicon83,LogicalCampaign
7.46E+17,theordinaryman2,theordinaryman2
7.46E+17,sturdyAlex,KathyBurke
7.46E+17,Alexicon83,BrianMcAuslan
7.46E+17,Alexicon83,Englishpapist
7.46E+17,Alexicon83,Citizensmif21
7.46E+17,Dwalingen,Damnager
7.46E+17,vote_leave,AshleyDG1998
7.46E+17,Alexicon83,LogicalCampaign
7.46E+17,Alexicon83,LogicalCampaign
7.46E+17,Dwalingen,Dwalingen
7.46E+17,LouiseMensch,earlofbelmont
7.46E+17,Dwalingen,Dwalingen
7.46E+17,Dwalingen,Dwalingen
7.46E+17,Dwalingen,1markconway
7.46E+17,Dwalingen,Boogschutter10
7.46E+17,Dwalingen,ira_tenax
7.46E+17,Dwalingen,Dwalingen
7.46E+17,vote_leave,mundaufmachen
7.46E+17,JuliaHB1,stephenpollard
7.46E+17,StrongerInPress,MattHancockMP
7.46E+17,LibDems,juliet_s_gray
7.46E+17,HonourCovenant,HonourCovenant
7.46E+17,LibDems,joebreaks311290
7.46E+17,Alexicon83,bondrich
7.46E+17,Alexicon83,eddie9596
7.46E+17,Alexicon83,Trudgeteacher
7.46E+17,Alexicon83,EDPC7
7.46E+17,LeaveEUOfficial,YIofficial
7.46E+17,Alexicon83,BanTheBBC
7.46E+17,Alexicon83,DanHannanMEP
7.46E+17,CarolineLucas,weareeuropeuk
7.46E+17,Alexicon83,Mike_Fabricant
7.46E+17,CarolineLucas,JacksonT0ny
7.46E+17,LouiseMensch,frank8427zz9za
7.46E+17,vote_leave,voteleavedorset
7.46E+17,Alexicon83,voteleavedorset
7.46E+17,Alexicon83,Linda_b_123
7.46E+17,Alexicon83,Betelgeuse2015
7.46E+17,Alexicon83,peterjitter
7.46E+17,LouiseMensch,Glenn_Williams1
7.46E+17,Alexicon83,Englishpapist
7.46E+17,LouiseMensch,MrRBourne
7.46E+17,Australiaunwra6,jansen_mila
7.46E+17,StrongerIn,StrongerInPress
7.46E+17,NathanGillMEP,PigeonRr
7.46E+17,junayed_,GaryLineker
7.46E+17,NathanGillMEP,peterdominiczak
7.46E+17,PoliticsGhost,JimmyCapitalist
7.46E+17,NathanGillMEP,DavidRowlandsAM
7.46E+17,Alexicon83,tudorrose16
7.46E+17,Alexicon83,swinny198
7.46E+17,Alexicon83,LogicalCampaign
7.46E+17,Alexicon83,REnlightenment
7.46E+17,KTHopkins,selinawatermans
7.46E+17,Alexicon83,BrexitBulldog
7.46E+17,LibDems,Bex_the_Green
7.46E+17,NathanGillMEP,LeaveEUOfficial
7.46E+17,vote_leave,cholt_1
7.46E+17,NathanGillMEP,Patriotic_Brit
7.46E+17,StrongerInPress,UsaamaK
7.46E+17,StrongerInPress,meaglemp
7.46E+17,NathanGillMEP,TheSun
7.46E+17,HonourCovenant,HonourCovenant
7.46E+17,NathanGillMEP,richardcalhoun
7.46E+17,NathanGillMEP,Daily_Express
7.46E+17,NadineDorriesMP,vote_leave
7.46E+17,StrongerInPress,EMidsStrongerIn
7.46E+17,sturdyAlex,PettanPettan
7.46E+17,Alexicon83,theordinaryman2
7.46E+17,Australiaunwra6,RichardH0well
7.46E+17,Alexicon83,theordinaryman2
7.46E+17,Alexicon83,theordinaryman2
7.46E+17,Alexicon83,theordinaryman2
7.46E+17,Alexicon83,Englishpapist
7.46E+17,Alexicon83,DavidJo52951945
7.46E+17,Alexicon83,MatthewSephton
7.46E+17,Alexicon83,GrantStanleyUK
7.46E+17,Alexicon83,LeeWatersUKIP
7.46E+17,Alexicon83,Combined_Ops
7.46E+17,Alexicon83,princess_sho
7.46E+17,LouiseMensch,vote_leave
7.46E+17,LibDems,scotthosking
7.46E+17,StrongerInPress,NicolaSturgeon
7.46E+17,StrongerInPress,NicolaSturgeon
7.46E+17,TheGreenParty,natalieben
7.46E+17,LouiseMensch,Lesqueenb
7.46E+17,LouiseMensch,blake_ari
7.46E+17,LibDems,LewisStrongerIn
7.46E+17,Dwalingen,Dwalingen
7.46E+17,vote_leave,Harsimrat__Kaur
7.46E+17,SadiqKhan,StrongerIn
7.46E+17,Dwalingen,JoKer33817736
7.46E+17,Dwalingen,ira_tenax
7.46E+17,StrongerIn,NicolaSturgeon
7.46E+17,NicolaSturgeon,itvnews
7.46E+17,Alexicon83,ClaireActually
7.46E+17,Alexicon83,PrescottBeth
7.46E+17,Alexicon83,realdealdanny
7.46E+17,NicolaSturgeon,SkyNews
7.46E+17,Alexicon83,LiamFoxMP
7.46E+17,Alexicon83,PrisonPlanet
7.46E+17,vote_leave,pompeypolly
7.46E+17,LibDems,LDINtogether
7.46E+17,LeaveEUOfficial,louisthirIs
7.46E+17,Alexicon83,uniforbritain
7.46E+17,LeaveEUOfficial,AlexeiSand
7.46E+17,Australiaunwra6,RichardH0well
7.46E+17,HonourCovenant,HonourCovenant
7.46E+17,rowbar,GaryLineker
7.46E+17,StrongerIn,The_TUC
7.46E+17,LibDems,scotthosking
7.46E+17,StrongerInPress,ben4bath
7.46E+17,Alexicon83,Ian_Fry
7.46E+17,Alexicon83,louisthirIs
7.46E+17,Alexicon83,RossThomsonTory
7.46E+17,Alexicon83,TheFactCompiler
7.46E+17,LibDems,esbagshaw
7.46E+17,Australiaunwra6,Australiaunwra6
7.46E+17,Alexicon83,Cllr_Mike_Green
7.46E+17,Alexicon83,TheHillpaul
7.46E+17,Alexicon83,FreddiePSS
7.46E+17,LibDems,vincecable
7.46E+17,Alexicon83,Holbornlolz
7.46E+17,DavidJo52951945,vote_leave
7.46E+17,Alexicon83,Englishpapist
7.46E+17,StrongerIn,UKLabourIN
7.46E+17,StrongerIn,UKLabour
7.46E+17,DavidJo52951945,LeaveEUOfficial
7.46E+17,StrongerIn,StrongerInPress
7.46E+17,StrongerIn,GregHands
7.46E+17,vote_leave,AndrewRosindell
7.46E+17,rowbar,GaryLineker
7.46E+17,vote_leave,HenrySmithMP
7.46E+17,LouiseMensch,Lab_Westbourne
7.46E+17,Alexicon83,Linda_b_123
7.46E+17,vote_leave,MalcCarter
7.46E+17,Alexicon83,BellaSassin
7.46E+17,Bonn1eGreer,WorkPsychol
7.46E+17,Alexicon83,Harsimrat__Kaur
7.46E+17,LouiseMensch,LitteHOnline
7.46E+17,StrongerInPress,Ian_Fraser
7.46E+17,LouiseMensch,bargemUK
7.46E+17,HonourCovenant,HonourCovenant
7.46E+17,HonourCovenant,HonourCovenant
7.46E+17,Alexicon83,mkpdavies
7.46E+17,Alexicon83,_michaelhope
7.46E+17,LeaveEUOfficial,SolManOfficial
7.46E+17,Alexicon83,antmcdermott
7.46E+17,Alexicon83,freedom4allyo
7.46E+17,LeaveEUOfficial,labourleave
7.46E+17,TheGreenParty,OfficeGreenJean
7.46E+17,Dwalingen,HankAndMarie
7.46E+17,HonourCovenant,HonourCovenant
7.46E+17,StrongerIn,ConservativesIN
7.46E+17,StrongerIn,UKLabour
7.46E+17,Dwalingen,Kilsally
7.46E+17,StrongerInPress,ChukaUmunna
7.46E+17,Dwalingen,DVATW
7.46E+17,Dwalingen,JuliaHB1
7.46E+17,Dwalingen,voteleavedorset
7.46E+17,StrongerIn,MirrorPolitics
7.46E+17,Dwalingen,europafreunde
7.46E+17,Dwalingen,Dwalingen
7.46E+17,ElizabethHurley,vote_leave
7.46E+17,StrongerIn,DeborahMeaden
7.46E+17,theordinaryman2,frambumtd
7.46E+17,theordinaryman2,SuzanneEvans1
7.46E+17,Dwalingen,top1percentile
7.46E+17,Dwalingen,Dwalingen
7.46E+17,Australiaunwra6,bondrich
7.46E+17,Dwalingen,Dwalingen
7.46E+17,Australiaunwra6,polhilljim
7.46E+17,Dwalingen,Dwalingen
7.46E+17,Dwalingen,Dwalingen
7.46E+17,Dwalingen,Dwalingen
7.46E+17,Dwalingen,Dwalingen
7.46E+17,Dwalingen,Dwalingen
7.46E+17,Dwalingen,Dwalingen
7.46E+17,Dwalingen,Dwalingen
7.46E+17,Dwalingen,Dwalingen
7.46E+17,Dwalingen,Dwalingen
7.46E+17,Dwalingen,Dwalingen
7.46E+17,Bonn1eGreer,nemumDave
7.46E+17,Dwalingen,Dwalingen
7.46E+17,Australiaunwra6,DavidJo52951945
7.46E+17,StrongerInPress,StrongerIn
7.46E+17,theordinaryman2,theordinaryman2
7.46E+17,vote_leave,VeteransBritain
7.46E+17,Australiaunwra6,adrianakirk33
7.46E+17,Dwalingen,11314666
7.46E+17,grahnort,Telegraph
7.46E+17,vote_leave,andrealeadsom
7.46E+17,SadiqKhan,LdnStrongerIn
7.46E+17,JeremyCorbyn4PM,Marshajane
7.46E+17,vote_leave,andrealeadsom
7.46E+17,StrongerInPress,RhonddaBryant
7.46E+17,DavidJo52951945,BellaSassin
7.46E+17,DavidJo52951945,UKIP
7.46E+17,Australiaunwra6,Italian_Sophist
7.46E+17,HonourCovenant,HonourCovenant
7.46E+17,vote_leave,LouiseMensch
7.46E+17,DickGraceless,kovacskata
7.46E+17,vote_leave,VotePursglove
7.46E+17,HonourCovenant,HonourCovenant
7.46E+17,HonourCovenant,HonourCovenant
7.46E+17,HonourCovenant,HonourCovenant
7.46E+17,StrongerIn,kellyhoppen
7.46E+17,Bonn1eGreer,OliPutland
7.46E+17,StrongerIn,UKLabour
7.46E+17,vote_leave,andrealeadsom
7.46E+17,theordinaryman2,theordinaryman2
7.46E+17,HonourCovenant,HonourCovenant
7.46E+17,HonourCovenant,HonourCovenant
7.46E+17,HonourCovenant,HonourCovenant
7.46E+17,HonourCovenant,HonourCovenant
7.46E+17,HonourCovenant,HonourCovenant
7.46E+17,LibDems,portsmouthld
7.46E+17,StrongerIn,SE_StrongerIn
7.46E+17,vote_leave,BorisJohnson
7.46E+17,StrongerIn,WycombeInEurope
7.46E+17,vote_leave,beleaveuk
7.46E+17,StrongerIn,MattHancockMP
7.46E+17,vote_leave,TheSun
7.46E+17,junayed_,lhgluke
7.46E+17,theordinaryman2,theordinaryman2
7.46E+17,vote_leave,reactionlife
7.46E+17,theordinaryman2,theordinaryman2
7.46E+17,theordinaryman2,theordinaryman2
7.46E+17,theordinaryman2,theordinaryman2
7.46E+17,vote_leave,SteveBakerHW
7.46E+17,theordinaryman2,theordinaryman2
7.46E+17,vote_leave,Of_Mice_And_Ben
7.46E+17,LeaveEUOfficial,LeaveEUOfficial
7.46E+17,LeaveEUOfficial,KirkKus
7.46E+17,Alexicon83,jennyriarchi
7.46E+17,vote_leave,SteveBakerHW
7.46E+17,Alexicon83,patel4witham
7.46E+17,theordinaryman2,yarmouthyellow1
7.46E+17,Alexicon83,matthewgordonn
7.46E+17,StrongerIn,StrongerInPress
7.46E+17,JamesMelville,PoliticsPunked
7.46E+17,Alexicon83,BellaSassin
7.46E+17,Alexicon83,cllrjoeporter
7.46E+17,Alexicon83,uk_rants
7.46E+17,sturdyAlex,Sathnam
7.46E+17,DVATW,WillMcHoebag
7.46E+17,JuliaHB1,simonjhix
7.46E+17,LouiseMensch,theGled
7.46E+17,Alexicon83,SteveBakerHW
7.46E+17,Alexicon83,BorisJohnson
7.46E+17,Alexicon83,beleaveuk
7.46E+17,Australiaunwra6,HarryCalahan3
7.46E+17,Alexicon83,vote_leave
7.46E+17,ShujaRabbani,philipmach
7.46E+17,Australiaunwra6,Horst1941
7.46E+17,vote_leave,NadineDorriesMP
7.46E+17,Alexicon83,LeaveEUOfficial
7.46E+17,Alexicon83,vote_leave
7.46E+17,TheCraggus,SimpsonsQOTD
7.46E+17,Alexicon83,RobinJHC1
7.46E+17,Alexicon83,DVATW
7.46E+17,Alexicon83,DVATW
7.46E+17,Alexicon83,wallaceme
7.46E+17,Alexicon83,JuliaHB1
7.46E+17,LouiseMensch,BarryJWoods
7.46E+17,Alexicon83,mkpdavies
7.46E+17,LouiseMensch,LozTaylor
7.46E+17,Alexicon83,mkpdavies
7.46E+17,Alexicon83,LouiseMensch
7.46E+17,StrongerInPress,JackDromeyMP
7.46E+17,DVATW,BellaSassin
7.46E+17,Bonn1eGreer,tomholder
7.46E+17,LeaveEUOfficial,Stop_The_EU
7.46E+17,Alexicon83,MartinDaubney
7.46E+17,Alexicon83,_WilliamJones_
7.46E+17,vote_leave,ScotsVoteLeave
7.46E+17,Alexicon83,DavidTCDavies
7.46E+17,Alexicon83,vote_leave
7.46E+17,Alexicon83,DVATW
7.46E+17,Alexicon83,Vote_LeaveMedia
7.46E+17,Alexicon83,DVATW
7.46E+17,Alexicon83,GetBritainOut
7.46E+17,Alexicon83,wallaceme
7.46E+17,Alexicon83,Y_Eurosceptics
7.46E+17,Alexicon83,Stop_The_EU
7.46E+17,Alexicon83,Stephen_Woods
7.46E+17,Alexicon83,NickPringle6
7.46E+17,Alexicon83,vote_leave
7.46E+17,Alexicon83,Y_Eurosceptics
7.46E+17,Alexicon83,Vote_LeaveMedia
7.46E+17,Alexicon83,DanHannanMEP
7.46E+17,Alexicon83,Vote_To_Leave
7.46E+17,vote_leave,JamesHarryBull
7.46E+17,Alexicon83,beleaveuk
7.46E+17,Alexicon83,vote_leave
7.46E+17,Alexicon83,LouiseMensch
7.46E+17,StrongerInPress,CarolineLucas
7.46E+17,vote_leave,Nnamdi_ES_Okoye
7.46E+17,NHSMillion,cooluser51
7.46E+17,ScottGShore,_jodienewton
7.46E+17,NHSMillion,NanneeG
7.46E+17,vote_leave,MrRBourne
7.46E+17,StrongerIn,AmberRudd_MP
7.46E+17,NHSMillion,DidEUKnow
7.46E+17,sturdyAlex,sturdyAlex
7.46E+17,vote_leave,LouiseMensch
7.46E+17,vote_leave,samHCAFCwelsh
7.46E+17,StrongerIn,jeremycorbyn
7.46E+17,sturdyAlex,sturdyAlex
7.46E+17,vote_leave,garethicke
7.46E+17,StrongerIn,JustineGreening
7.46E+17,NHSMillion,mellyess
7.46E+17,vote_leave,JamesDuddridge
7.46E+17,StrongerIn,WMidsStrongerIn
7.46E+17,vote_leave,ComperLEE
7.46E+17,sturdyAlex,Po_Vrai
7.46E+17,HonourCovenant,HonourCovenant
7.46E+17,HonourCovenant,HonourCovenant
7.46E+17,HonourCovenant,HonourCovenant
7.46E+17,HonourCovenant,HonourCovenant
7.46E+17,HonourCovenant,HonourCovenant
7.46E+17,NicolaSturgeon,HumzaYousaf
7.46E+17,LibDems,LeedsNWLibDems
7.46E+17,HonourCovenant,HonourCovenant
7.46E+17,Rachael_Swindon,Jack_Slater
7.46E+17,JamesMelville,CallMeEefah
7.46E+17,LibDems,RamiroCastro
7.46E+17,LeaveEUOfficial,LadPolitics
7.46E+17,LibDems,suzy_horton
7.46E+17,Bonn1eGreer,MattHancockMP
7.46E+17,theordinaryman2,EK_Heather
7.46E+17,theordinaryman2,danedweller
7.46E+17,Telegraph,TelePolitics
7.46E+17,vote_leave,tomchapman16
7.46E+17,StrongerIn,CarolineLucas
7.46E+17,StrongerIn,SadiqKhan
7.46E+17,UKLabour,SadiqKhan
7.46E+17,RT_com,RuptlyStringer
7.46E+17,Telegraph,TelePolitics
7.46E+17,vote_leave,MattHartley100
7.46E+17,NathanGillMEP,UKIP_Scotland
7.46E+17,NathanGillMEP,Nigel_Farage
7.46E+17,Australiaunwra6,ianrmillard
7.46E+17,vote_leave,cmackinlay
7.46E+17,junayed_,hischeekiness
7.46E+17,theordinaryman2,JoelTory
7.46E+17,vote_leave,VoteLeaveCymru
7.46E+17,theordinaryman2,theordinaryman2
7.46E+17,Rachael_Swindon,SteveJarvo14
7.46E+17,UKLabour,LGBTLabour
7.46E+17,StrongerIn,StrongerInPress
7.46E+17,theordinaryman2,theordinaryman2
7.46E+17,theordinaryman2,theordinaryman2
7.46E+17,theordinaryman2,theordinaryman2
7.46E+17,theordinaryman2,theordinaryman2
7.46E+17,theordinaryman2,theordinaryman2
7.46E+17,montie,NadineDorriesMP
7.46E+17,LeaveEUOfficial,Guybirchall
7.46E+17,LeaveEUOfficial,chayes17_
7.46E+17,LeaveEUOfficial,Dan_Wall06
7.46E+17,StrongerInPress,ChukaUmunna
7.46E+17,LeaveEUOfficial,NathanGillMEP
7.46E+17,LibDems,LorraineJohnson
7.46E+17,vote_leave,ajcdeane
7.46E+17,NadineDorriesMP,montie
7.46E+17,NathanGillMEP,SkipLicker
7.46E+17,vote_leave,MartinDaubney
7.46E+17,vote_leave,montie
7.46E+17,StrongerIn,Bonn1eGreer
7.46E+17,vote_leave,DouglasCarswell
7.46E+17,StrongerIn,fromTGA
7.46E+17,StrongerIn,jeremycorbyn
7.46E+17,vote_leave,AmyLeedsTory
7.46E+17,LibDems,drbenjohnson
7.46E+17,Alexicon83,SuzanneEvans1
7.46E+17,Alexicon83,PhotoMonty
7.46E+17,StrongerIn,PeoplesMomentum
7.46E+17,StrongerIn,richardbranson
7.46E+17,vote_leave,VoteLeaveHunts
7.46E+17,StrongerIn,CarolineLucas
7.46E+17,StrongerIn,johnmcdonnellMP
7.46E+17,StrongerIn,TheGreenParty
7.46E+17,StrongerIn,UKLabour
7.46E+17,StrongerIn,drbenjohnson
7.46E+17,Alexicon83,DianeJamesMEP
7.46E+17,vote_leave,ScotsVoteLeave
7.46E+17,StrongerIn,AlanDuncanMP
7.46E+17,vote_leave,AmjadBashirMEP
7.46E+17,PoliticsGhost,Sgt_Yoda
7.46E+17,LibDems,LibDemEd
7.46E+17,pavilionopinion,krautreporter
7.46E+17,LibDems,MayorDorothy
7.46E+17,LeaveEUOfficial,andrealeadsom
7.46E+17,theordinaryman2,LeaveEUOfficial
7.46E+17,StrongerInPress,Palomafaith
7.46E+17,StrongerInPress,Palomafaith
7.46E+17,Dwalingen,JonkersNanno
7.46E+17,StrongerInPress,Palomafaith
7.46E+17,Dwalingen,ppppyellow
7.46E+17,TheGreenParty,CarolineLucas
7.46E+17,Dwalingen,Dwalingen
7.46E+17,LibDems,LDINtogether
7.46E+17,TheGreenParty,CarolineLucas
7.46E+17,LibDems,drbenjohnson
7.46E+17,vote_leave,patel4witham
7.46E+17,Dwalingen,KTHopkins
7.46E+17,Dwalingen,Dwalingen
7.46E+17,LouiseMensch,PatrioticBrits
7.46E+17,vote_leave,HenrySmithMP
7.46E+17,StrongerInPress,RobertBuckland
7.46E+17,StrongerInPress,Arjumwajid
7.46E+17,StrongerIn,RobertBuckland
7.46E+17,StrongerIn,Palomafaith
7.46E+17,StrongerIn,Palomafaith
7.46E+17,StrongerIn,Palomafaith
7.46E+17,StrongerIn,MayorDorothy
7.46E+17,LeaveEUOfficial,rorybroomfield
7.46E+17,StrongerIn,Arjumwajid
7.46E+17,StrongerIn,DavidEvennett
7.46E+17,vote_leave,wallaceme
7.46E+17,vote_leave,vanterheyden
7.46E+17,vote_leave,LouiseMensch
7.46E+17,vote_leave,Reigate_Leave
7.46E+17,StrongerIn,MaryCreaghMP
7.46E+17,vote_leave,SteveBakerHW
7.46E+17,vote_leave,MrSimonDudley
7.46E+17,KTHopkins,HarryJohnTurner
7.46E+17,Rachael_Swindon,VeeCee30
7.46E+17,vote_leave,Englishpapist
7.46E+17,junayed_,DickGraceless
7.46E+17,vote_leave,EmmaMcClarkin
7.46E+17,vote_leave,andrealeadsom
7.46E+17,StrongerIn,UKLabour
7.46E+17,KTHopkins,HausOfLukee
7.46E+17,StrongerInPress,StrongerIn
7.46E+17,StrongerInPress,StrongerIn
7.46E+17,ChukaUmunna,StrongerIn
7.46E+17,Patriotic_Brit,Patriotic_Brit
7.46E+17,StrongerIn,EMidsStrongerIn
7.46E+17,LibDems,RogerCrouch1
7.46E+17,LouiseMensch,vote_leave
7.46E+17,LouiseMensch,andrealeadsom
7.46E+17,LouiseMensch,Englishpapist
7.46E+17,LouiseMensch,MrSimonDudley
7.46E+17,LouiseMensch,SteveBakerHW
7.46E+17,StrongerInPress,EMidsStrongerIn
7.46E+17,Patriotic_Brit,simonjhix
7.46E+17,StrongerInPress,TanyaBurr
7.46E+17,StrongerIn,Ed_Miliband
7.46E+17,NadineDorriesMP,montie
7.46E+17,theordinaryman2,wisermonkeys
7.46E+17,Patriotic_Brit,robotbattler
7.46E+17,StrongerIn,leicesterliz
7.46E+17,JeremyCorbyn4PM,liamyoung
7.46E+17,Fight4UK,LeaveEUOfficial
7.46E+17,Fight4UK,rorybroomfield
7.46E+17,Fight4UK,andrealeadsom
7.46E+17,StrongerInPress,leicesterliz
7.46E+17,Fight4UK,LeaveEUOfficial
7.46E+17,StrongerInPress,Ed_Miliband
7.46E+17,vote_leave,wallaceme
7.46E+17,Fight4UK,NathanGillMEP
7.46E+17,Fight4UK,chayes17_
7.46E+17,Fight4UK,Guybirchall
7.46E+17,StrongerInPress,SadiqKhan
7.46E+17,Fight4UK,LadPolitics
7.46E+17,LibDems,joswinson
7.46E+17,vote_leave,NadineDorriesMP
7.46E+17,Fight4UK,LeaveEUOfficial
7.46E+17,Fight4UK,Stop_The_EU
7.46E+17,junayed_,sportfollowr
7.46E+17,StrongerIn,joswinson
7.46E+17,StrongerIn,CHazelgrove
7.46E+17,StrongerIn,UKLabour
7.46E+17,LeaveEUOfficial,TotallyTopical2
7.46E+17,StrongerInPress,SWStrongerIn
7.46E+17,StrongerIn,sarahwollaston
7.46E+17,vote_leave,davidburrowesmp
7.46E+17,jeremycorbyn,UKLabour
7.46E+17,LibDems,RTaylor_LibDem
7.46E+17,LibDems,MikeHewitson1
7.46E+17,StrongerIn,lucycthomas
7.46E+17,theordinaryman2,theordinaryman2
7.46E+17,theordinaryman2,theordinaryman2
7.46E+17,StrongerIn,Jochurchill4
7.46E+17,LibDems,LeedsNWLibDems
7.46E+17,theordinaryman2,theordinaryman2
7.46E+17,theordinaryman2,theordinaryman2
7.46E+17,theordinaryman2,theordinaryman2
7.46E+17,theordinaryman2,theordinaryman2
7.46E+17,StrongerInPress,joe4metromayor
7.46E+17,LibDems,WillWilshere
7.46E+17,StrongerInPress,sarahwollaston
7.46E+17,LibDems,stickybun1234
7.46E+17,LibDems,RarkMoberts
7.46E+17,Australiaunwra6,Australiaunwra6
7.46E+17,vote_leave,GouldSam
7.46E+17,Stop_The_EU,montie
7.46E+17,LeaveEUOfficial,TheoPaphitis
7.46E+17,LeaveEUOfficial,TheoPaphitis
7.46E+17,StrongerIn,DamianCollins
7.46E+17,StrongerIn,WaseemZaffar
7.46E+17,vote_leave,JackCEsq
7.46E+17,StrongerIn,ben4bath
7.46E+17,StrongerIn,StrongerInPress
7.46E+17,vote_leave,LouiseMensch
7.46E+17,vote_leave,Mike_Fabricant
7.46E+17,vote_leave,TheVapeTankDiss
7.46E+17,Patriotic_Brit,Patriotic_Brit
7.46E+17,StrongerInPress,LeftFootFwd
7.46E+17,StrongerInPress,StrongerIn
7.46E+17,StrongerInPress,jeremycorbyn
7.46E+17,vote_leave,TheRedRag
7.46E+17,Patriotic_Brit,welofnietdus
7.46E+17,LibDems,MissMillicent
7.46E+17,StrongerInPress,UKLabour
7.46E+17,StrongerInPress,birminghammail
7.46E+17,HonourCovenant,HonourCovenant
7.46E+17,LibDems,Molskii
7.46E+17,Patriotic_Brit,DJBegleyUK
7.46E+17,LibDems,AustenWaite
7.46E+17,HonourCovenant,HonourCovenant
7.46E+17,vote_leave,AmjadBashirMEP
7.46E+17,StrongerIn,SarahChampionMP
7.46E+17,DanHannanMEP,AmjadBashirMEP
7.46E+17,StrongerIn,UKLabour
7.46E+17,PoliticsGhost,Mattino199
7.46E+17,StrongerIn,MichaelDugher
7.46E+17,StrongerIn,YvetteCooperMP
7.46E+17,Patriotic_Brit,zepprelli
7.46E+17,Patriotic_Brit,TheCleaner13
7.46E+17,Alexicon83,RealityCallsTV
7.46E+17,LibDems,GLove39
7.46E+17,StrongerInPress,YvetteCooperMP
7.46E+17,StrongerInPress,NWStrongerIn
7.46E+17,StrongerInPress,SadiqKhan
7.46E+17,StrongerInPress,EdwardStubbs
7.46E+17,vote_leave,SuffolkLeave
7.46E+17,StrongerInPress,SarahChampionMP
7.46E+17,LouiseMensch,lies_dr
7.46E+17,Australiaunwra6,SlashWilko
7.46E+17,TheCraggus,Favstar_Bot
7.46E+17,LibDems,YvaliaF
7.46E+17,LouiseMensch,CGWWWalker
7.46E+17,StrongerInPress,Keir_Starmer
7.46E+17,LibDems,mrskinigit
7.46E+17,StrongerIn,AlexDMitchell
7.46E+17,StrongerIn,Keir_Starmer
7.46E+17,StrongerIn,UKLabour
7.46E+17,StrongerIn,jeremycorbyn
7.46E+17,sturdyAlex,sturdyAlex
7.46E+17,sturdyAlex,sturdyAlex
7.46E+17,LibDems,joe_oliver
7.46E+17,NHSMillion,NHSMillion
7.46E+17,StrongerInPress,jeremycorbyn
7.46E+17,StrongerInPress,StrongerIn
7.46E+17,vote_leave,tomhfh
7.46E+17,StrongerInPress,SDoughtyMP
7.46E+17,StrongerInPress,IpswichInEU
7.46E+17,Patriotic_Brit,Nigel_Farage
7.46E+17,NadineDorriesMP,Stewart4Pboro
7.46E+17,Patriotic_Brit,BorisJohnson
7.46E+17,LibDems,amcguire62
7.46E+17,StrongerInPress,JNicholsonMEP
7.46E+17,vote_leave,NikkiSinclaire7
7.46E+17,Fight4UK,NikkiSinclaire7
7.46E+17,StrongerInPress,richardbranson
7.46E+17,Fight4UK,tomhfh
7.46E+17,Fight4UK,vote_leave
7.46E+17,Fight4UK,SuffolkLeave
7.46E+17,Fight4UK,theordinaryman2
7.46E+17,StrongerInPress,UKLabour
7.46E+17,Fight4UK,theordinaryman2
7.46E+17,Fight4UK,theordinaryman2
7.46E+17,Fight4UK,theordinaryman2
7.46E+17,StrongerInPress,AlexDMitchell
7.46E+17,Fight4UK,wisermonkeys
7.46E+17,Fight4UK,theordinaryman2
7.46E+17,Fight4UK,LeaveEUOfficial
7.46E+17,StrongerInPress,ben4bath
7.46E+17,Fight4UK,theordinaryman2
7.46E+17,Fight4UK,theordinaryman2
7.46E+17,Fight4UK,theordinaryman2
7.46E+17,Fight4UK,theordinaryman2
7.46E+17,Fight4UK,theordinaryman2
7.46E+17,Fight4UK,theordinaryman2
7.46E+17,Fight4UK,theordinaryman2
7.46E+17,Fight4UK,theordinaryman2
7.46E+17,Fight4UK,theordinaryman2
7.46E+17,Fight4UK,theordinaryman2
7.46E+17,Fight4UK,theordinaryman2
7.46E+17,Fight4UK,theordinaryman2
7.46E+17,Fight4UK,theordinaryman2
7.46E+17,Fight4UK,theordinaryman2
7.46E+17,Fight4UK,danedweller
7.46E+17,StrongerInPress,VirendraSharma
7.46E+17,Fight4UK,EK_Heather
7.46E+17,Fight4UK,theordinaryman2
7.46E+17,Fight4UK,theordinaryman2
7.46E+17,Fight4UK,theordinaryman2
7.46E+17,Fight4UK,theordinaryman2
7.46E+17,vote_leave,thecarolemalone
7.46E+17,Fight4UK,theordinaryman2
7.46E+17,Fight4UK,theordinaryman2
7.46E+17,ChukaUmunna,AP_McCoy
7.46E+17,Fight4UK,theordinaryman2
7.46E+17,Fight4UK,yarmouthyellow1
7.46E+17,Fight4UK,theordinaryman2
7.46E+17,Fight4UK,theordinaryman2
7.46E+17,Fight4UK,theordinaryman2
7.46E+17,StrongerInPress,Cllr_Roxsie
7.46E+17,Fight4UK,theordinaryman2
7.46E+17,JeremyCorbyn4PM,liamyoung
7.46E+17,Fight4UK,theordinaryman2
7.46E+17,StrongerInPress,RhonddaLabour
7.46E+17,Fight4UK,theordinaryman2
7.46E+17,StrongerInPress,Vernon_Coaker
7.46E+17,LibDems,HulbertMathew
7.46E+17,Fight4UK,SuzanneEvans1
7.46E+17,Fight4UK,frambumtd
7.46E+17,Fight4UK,theordinaryman2
7.46E+17,Fight4UK,theordinaryman2
7.46E+17,Fight4UK,theordinaryman2
7.46E+17,Fight4UK,theordinaryman2
7.46E+17,Fight4UK,theordinaryman2
7.46E+17,Fight4UK,theordinaryman2
7.46E+17,StrongerInPress,CllrEdwardSims
7.46E+17,Fight4UK,theordinaryman2
7.46E+17,Fight4UK,theordinaryman2
7.46E+17,Fight4UK,theordinaryman2
7.46E+17,Fight4UK,theordinaryman2
7.46E+17,Fight4UK,theordinaryman2
7.46E+17,Fight4UK,theordinaryman2
7.46E+17,Fight4UK,theordinaryman2
7.46E+17,Fight4UK,theordinaryman2
7.46E+17,Fight4UK,theordinaryman2
7.46E+17,Fight4UK,theordinaryman2
7.46E+17,Fight4UK,OpenBritain
7.46E+17,Fight4UK,OpenBritain
7.46E+17,Fight4UK,theordinaryman2
7.46E+17,Fight4UK,theordinaryman2
7.46E+17,Fight4UK,RaheemKassam
7.46E+17,Fight4UK,theordinaryman2
7.46E+17,Fight4UK,theordinaryman2
7.46E+17,Fight4UK,theordinaryman2
7.46E+17,Fight4UK,theordinaryman2
7.46E+17,Fight4UK,theordinaryman2
7.46E+17,Fight4UK,theordinaryman2
7.46E+17,Fight4UK,theordinaryman2
7.46E+17,StrongerIn,Vernon_Coaker
7.46E+17,StrongerIn,ben4bath
7.46E+17,Fight4UK,Nigel_Farage
7.46E+17,LibDems,_DaisyBenson
7.46E+17,Fight4UK,Nigel_Farage
7.46E+17,LeaveEUOfficial,Abbielovesuall
7.46E+17,LeaveEUOfficial,pcyphotography
7.46E+17,StrongerIn,lucycthomas
7.46E+17,StrongerIn,UKLabour
7.46E+17,StrongerInPress,UKLabour
7.46E+17,LibDems,WMNNews
7.46E+17,vote_leave,BradenDavy
7.46E+17,Rachael_Swindon,Rachael_Swindon
7.46E+17,vote_leave,VoteLeaveEM
7.46E+17,vote_leave,LiamFoxMP
7.46E+17,vote_leave,andrealeadsom
7.46E+17,ChukaUmunna,UKLabour
7.46E+17,Rachael_Swindon,chantalyng
7.46E+17,junayed_,calwilliams97
7.46E+17,vote_leave,cholt_1
7.46E+17,Patriotic_Brit,PatrioticNeko
7.46E+17,LouiseMensch,TrooperSnooks
7.46E+17,LibDems,Eluned_Parrott
7.46E+17,StrongerInPress,lucycthomas
7.46E+17,ChukaUmunna,JermainJackman
7.46E+17,ChukaUmunna,Another_Europe
7.46E+17,LouiseMensch,JohnGrugan
7.46E+17,Alexicon83,will49447
7.46E+17,Alexicon83,Patriotic_Brit
7.46E+17,Alexicon83,LiamFoxMP
7.46E+17,LouiseMensch,DanHannanMEP
7.46E+17,Alexicon83,rhia97eq
7.46E+17,StrongerInPress,StrongerIn
7.46E+17,StrongerInPress,LibDems
7.46E+17,vote_leave,ChrisPincher
7.46E+17,StrongerIn,Eluned_Parrott
7.46E+17,StrongerIn,UKLabour
7.46E+17,vote_leave,peterdominiczak
7.46E+17,Alexicon83,neil4ebelfast
7.46E+17,vote_leave,ZacGoldsmith
7.46E+17,StrongerIn,ChukaUmunna
7.46E+17,Alexicon83,Englishpapist
7.46E+17,StrongerIn,richardbranson
7.46E+17,Alexicon83,Revolution_JW
7.46E+17,StrongerIn,LibDems
7.46E+17,StrongerInPress,Eluned_Parrott
7.46E+17,StrongerInPress,LibDems
7.46E+17,StrongerInPress,StrongerIn
7.46E+17,Alexicon83,XxPLWxX
7.46E+17,Alexicon83,Todaysopinionis
7.46E+17,StrongerIn,JamesFahy23
7.46E+17,Alexicon83,brexittruths
7.46E+17,Alexicon83,Patriotic_Brit
7.46E+17,Alexicon83,JamesKnightTV
7.46E+17,Alexicon83,SGlennie
7.46E+17,StrongerInPress,JamesFahy23
7.46E+17,Alexicon83,its_jessy_xoxo
7.46E+17,Alexicon83,Tom8478
7.46E+17,Alexicon83,JamesG23522479
7.46E+17,Alexicon83,LeftiesExposed
7.46E+17,LibDems,DawneeBe
7.46E+17,Alexicon83,Bottom_To_Top
7.46E+17,Alexicon83,Englishpapist
7.46E+17,Dwalingen,Dwalingen
7.46E+17,Alexicon83,BritsLovePolls
7.46E+17,Alexicon83,FeistyDeanne
7.46E+17,Alexicon83,XxPLWxX
7.46E+17,Alexicon83,LeeWatersUKIP
7.46E+17,Dwalingen,Dwalingen
7.46E+17,Rachael_Swindon,The45Storm
7.46E+17,StrongerInPress,scotlibdems
7.46E+17,Alexicon83,Todaysopinionis
7.46E+17,vote_leave,PeterABedford
7.46E+17,Alexicon83,AHendersonUK
7.46E+17,Alexicon83,swiveleyed24
7.46E+17,StrongerInPress,LDINtogether
7.46E+17,LouiseMensch,A_Liberty_Rebel
7.46E+17,Alexicon83,SuzanneEvans1
7.46E+17,StrongerInPress,ChukaUmunna
7.46E+17,RT_com,RTUKnews
7.46E+17,Stop_The_EU,ChrisPincher
7.46E+17,vote_leave,gale_adam
7.46E+17,StrongerInPress,jreedmp
7.46E+17,Rachael_Swindon,Redpeter99
7.46E+17,vote_leave,DogsPartyPaws
7.46E+17,TheGreenParty,zak_bond
7.46E+17,Rachael_Swindon,JamesMelville
7.46E+17,StrongerIn,imLucyWatson
7.46E+17,vote_leave,alexpstory
7.46E+17,StrongerInPress,ChukaUmunna
7.46E+17,vote_leave,EUVoteLeave23rd
7.46E+17,StrongerIn,jreedmp
7.46E+17,DavidJo52951945,theordinaryman2
7.46E+17,StrongerInPress,imLucyWatson
7.46E+17,JuliaHB1,JamesDelingpole
7.46E+17,vote_leave,Abigail_Bish
7.46E+17,vote_leave,Ash_EButler
7.46E+17,StrongerIn,ChukaUmunna
7.46E+17,vote_leave,DJWarburton
7.46E+17,Rachael_Swindon,TreesPayne
7.46E+17,DavidJo52951945,Nigel_Farage
7.46E+17,vote_leave,voteleavedorset
7.46E+17,junayed_,mink_deville
7.46E+17,HonourCovenant,mrrogerln
7.46E+17,DavidJo52951945,BritsLovePolls
7.46E+17,DavidJo52951945,goulcher
7.46E+17,StrongerIn,theotherJoeCole
7.46E+17,vote_leave,AmyLeedsTory
7.46E+17,LeaveEUOfficial,LiamFoxMP
7.46E+17,DavidJo52951945,LeaveEUOfficial
7.46E+17,StrongerIn,UB40OFFICIAL
7.46E+17,NadineDorriesMP,vote_leave
7.46E+17,andyburnhammp,LabourHomeTeam
7.46E+17,JuliaHB1,Neil_Veck
7.46E+17,LeaveEUOfficial,NeilHarding
7.46E+17,LeaveEUOfficial,LiamVernon
7.46E+17,Australiaunwra6,amcyoung
7.46E+17,Australiaunwra6,AwesomelyRight
7.46E+17,LeaveEUOfficial,SteveBlogs1
7.46E+17,StrongerInPress,UB40OFFICIAL
7.46E+17,StrongerInPress,theotherJoeCole
7.46E+17,StrongerInPress,StrongerIn
7.46E+17,StrongerInPress,GregMulholland1
7.46E+17,Australiaunwra6,marjungood
7.46E+17,StrongerInPress,StrongerIn
7.46E+17,LeaveEUOfficial,AmjadBashirMEP
7.46E+17,Australiaunwra6,Elky305
7.46E+17,StrongerInPress,LibDems
7.46E+17,StrongerInPress,GregHands
7.46E+17,Australiaunwra6,Perry7895
7.46E+17,lewisiwu,jdaykin
7.46E+17,vote_leave,elizabetha7777
7.46E+17,Australiaunwra6,AbehoSooh
7.46E+17,lewisiwu,ShabanaMahmood
7.46E+17,LeaveEUOfficial,andrealeadsom
7.46E+17,StrongerIn,UKLabour
7.46E+17,StrongerIn,NEStrongerIn
7.46E+17,vote_leave,htwiggy
7.46E+17,StrongerIn,NickyMorgan01
7.46E+17,StrongerInPress,WMidsStrongerIn
7.46E+17,StrongerIn,GregHands
7.46E+17,LibDems,BerwickLibDems
7.46E+17,StrongerInPress,E17StrongerIn
7.46E+17,StrongerInPress,WMidsStrongerIn
7.46E+17,LouiseMensch,AlienCreator44
7.46E+17,StrongerInPress,NEStrongerIn
7.46E+17,StrongerInPress,StrongerIn
7.46E+17,StrongerInPress,NickyMorgan01
7.46E+17,Australiaunwra6,marjungood
7.46E+17,StrongerInPress,NEStrongerIn
7.46E+17,Australiaunwra6,Australiaunwra6
7.46E+17,Australiaunwra6,Australiaunwra6
7.46E+17,vote_leave,andrealeadsom
7.46E+17,vote_leave,SteveBlogs1
7.46E+17,vote_leave,LiamVernon
7.46E+17,vote_leave,BexHilton
7.46E+17,Bonn1eGreer,mrnickharvey
7.46E+17,NathanGillMEP,Charlton_UKIP
7.46E+17,LibDems,DamonHooton
7.46E+17,NathanGillMEP,Nigel_Farage
7.46E+17,sturdyAlex,Marshmyst
7.46E+17,UKLabour,JamesABolton
7.46E+17,vote_leave,Antiochean
7.46E+17,SadiqKhan,UKLabourIN
7.46E+17,StrongerIn,ChukaUmunna
7.46E+17,StrongerIn,TheresaMEP
7.46E+17,StrongerIn,JoStevensLabour
7.46E+17,UKLabour,WayneDavid_MP
7.46E+17,PrisonPlanet,TheDonaldReddit
7.46E+17,NathanGillMEP,NeilHarding
7.46E+17,StrongerIn,JamesABolton
7.46E+17,StrongerIn,StrongerInPress
7.46E+17,LouiseMensch,anna_firth
7.46E+17,vote_leave,Mike_Fabricant
7.46E+17,StrongerIn,jeremycorbyn
7.46E+17,vote_leave,anna_firth
7.46E+17,UKLabour,TheresaMEP
7.46E+17,NathanGillMEP,Michael_Heaver
7.46E+17,Australiaunwra6,NoThankEU2016
7.46E+17,vote_leave,SteveBakerHW
7.46E+17,CNN,cnni
7.46E+17,Patriotic_Brit,StevePeers
7.46E+17,Patriotic_Brit,Patriotic_Brit
7.46E+17,Patriotic_Brit,Patriotic_Brit
7.46E+17,NathanGillMEP,pdacosta
7.46E+17,NathanGillMEP,BBCNews
7.46E+17,NathanGillMEP,ElizabethHurley
7.46E+17,sturdyAlex,andrewmacdowall
7.46E+17,Australiaunwra6,anneabillen
7.46E+17,Australiaunwra6,iharding51
7.46E+17,PoliticsGhost,Greenleader1978
7.46E+17,vote_leave,DavidVick5
7.46E+17,NathanGillMEP,Daily_Express
7.46E+17,vote_leave,NathanGillMEP
7.46E+17,NathanGillMEP,anna_firth
7.46E+17,LouiseMensch,iowahawkblog
7.46E+17,NathanGillMEP,patcondell
7.46E+17,LouiseMensch,AmjadBashirMEP
7.46E+17,Mike_Fabricant,peterpalmer52
7.46E+17,Alexicon83,ColindotDavison
7.46E+17,StrongerIn,thoyles
7.46E+17,LouiseMensch,G17Tricia
7.46E+17,NathanGillMEP,Sapere_vivere
7.46E+17,LouiseMensch,robgarson
7.46E+17,StrongerIn,yearsandyears
7.46E+17,StrongerIn,bastilledan
7.46E+17,LouiseMensch,mattwridley
7.46E+17,StrongerIn,SWIM_DEEP
7.46E+17,vote_leave,ajcdeane
7.46E+17,LouiseMensch,RedCPed
7.46E+17,AngrySalmond,AngrySalmond
7.46E+17,CarolineLucas,scottishliberal
7.46E+17,LeaveEUOfficial,__GriffCo__
7.46E+17,LeaveEUOfficial,labourleave
7.46E+17,Dwalingen,HeadOfExaminers
7.46E+17,junayed_,bazlyons
7.46E+17,LeaveEUOfficial,PowellPolitics
7.46E+17,CarolineLucas,TheGreenParty
7.46E+17,LeaveEUOfficial,DavidTCDavies
7.46E+17,StrongerInPress,KevinJPringle
7.46E+17,Dwalingen,Dwalingen
7.46E+17,Dwalingen,Dwalingen
7.46E+17,Dwalingen,Dwalingen
7.46E+17,Australiaunwra6,Lin_121
7.46E+17,Australiaunwra6,Truthteller1996
7.46E+17,Alexicon83,ItsBlueey
7.46E+17,Dwalingen,Dwalingen
7.46E+17,Dwalingen,Dwalingen
7.46E+17,Alexicon83,1DWWJournal
7.46E+17,Dwalingen,Dwalingen
7.46E+17,Australiaunwra6,SmritiRama
7.46E+17,Dwalingen,Dwalingen
7.46E+17,Dwalingen,Dwalingen
7.46E+17,Alexicon83,V_of_Europe
7.46E+17,Dwalingen,Dwalingen
7.46E+17,Dwalingen,Dwalingen
7.46E+17,Alexicon83,V_of_Europe
7.46E+17,Dwalingen,Dwalingen
7.46E+17,Dwalingen,Dwalingen
7.46E+17,Dwalingen,Dwalingen
7.46E+17,Alexicon83,AfredAlbion
7.46E+17,Alexicon83,JamesKnightTV
7.46E+17,Alexicon83,LiamPLEdwards
7.46E+17,Alexicon83,JamesKnightTV
7.46E+17,Alexicon83,chelsey_harwood
7.46E+17,TheGreenParty,natalieben
7.46E+17,Alexicon83,arron_gabby
7.46E+17,Alexicon83,Simon_Bravery
7.46E+17,JuliaHB1,PowellPolitics
7.46E+17,StrongerIn,FrancesOGrady
7.46E+17,StrongerIn,JessieWare
7.46E+17,DanHannanMEP,LisaRSimons
7.46E+17,StrongerInPress,ByRobDavies
7.46E+17,StrongerIn,GregHands
7.46E+17,PlayBuddMansion,vote_leave
7.46E+17,TheCraggus,Favstar_Bot
7.46E+17,DanHannanMEP,gbrnetworx
7.46E+17,sturdyAlex,sturdyAlex
7.46E+17,sturdyAlex,MrBrendanCox
7.46E+17,Alexicon83,Eventmagazine
7.46E+17,junayed_,abbasmohamed_uk
7.46E+17,DavidJo52951945,chrishurrell84
7.46E+17,DavidJo52951945,UKIPWales
7.46E+17,Australiaunwra6,sidney_deborah
7.46E+17,Australiaunwra6,BerlapCoat
7.46E+17,StrongerInPress,StrongerInPress
7.46E+17,StrongerInPress,UKLabour
7.46E+17,vote_leave,JakeThurmanUK
7.46E+17,StrongerIn,StrongerInPress
7.46E+17,vote_leave,Stewart4Pboro
7.46E+17,vote_leave,toadmeister
7.46E+17,StrongerIn,UKLabour
7.46E+17,StrongerIn,MattHancockMP
7.46E+17,Australiaunwra6,Australiaunwra6
7.46E+17,StrongerInPress,ChukaUmunna
7.46E+17,vote_leave,NadineDorriesMP
7.46E+17,Fight4UK,theordinaryman2
7.46E+17,JuliaHB1,toadmeister
7.46E+17,vote_leave,nadhimzahawi
7.46E+17,StrongerInPress,JohnPenroseNews
7.46E+17,Fight4UK,nadhimzahawi
7.46E+17,Fight4UK,NadineDorriesMP
7.46E+17,Fight4UK,toadmeister
7.46E+17,JuliaHB1,vote_leave
7.46E+17,Fight4UK,JakeThurmanUK
7.46E+17,Fight4UK,vote_leave
7.46E+17,Alexicon83,blitzduk
7.46E+17,StrongerInPress,CatherineWest1
7.46E+17,Fight4UK,vote_leave
7.46E+17,Fight4UK,ajcdeane
7.46E+17,Fight4UK,NathanGillMEP
7.46E+17,Fight4UK,DavidVick5
7.46E+17,Fight4UK,vote_leave
7.46E+17,Fight4UK,SteveBakerHW
7.46E+17,Fight4UK,anna_firth
7.46E+17,Fight4UK,Mike_Fabricant
7.46E+17,Fight4UK,Antiochean
7.46E+17,Fight4UK,vote_leave
7.46E+17,Fight4UK,vote_leave
7.46E+17,Fight4UK,BexHilton
7.46E+17,Fight4UK,LiamVernon
7.46E+17,Fight4UK,SteveBlogs1
7.46E+17,Fight4UK,andrealeadsom
7.46E+17,Fight4UK,htwiggy
7.46E+17,Fight4UK,vote_leave
7.46E+17,Australiaunwra6,eckeljs
7.46E+17,Fight4UK,elizabetha7777
7.46E+17,Australiaunwra6,Australiaunwra6
7.46E+17,Fight4UK,vote_leave
7.46E+17,Fight4UK,AmyLeedsTory
7.46E+17,Fight4UK,voteleavedorset
7.46E+17,Fight4UK,DJWarburton
7.46E+17,Fight4UK,Ash_EButler
7.46E+17,StrongerInPress,LibDems
7.46E+17,Fight4UK,Abigail_Bish
7.46E+17,Fight4UK,EUVoteLeave23rd
7.46E+17,Fight4UK,alexpstory
7.46E+17,Fight4UK,DogsPartyPaws
7.46E+17,Fight4UK,gale_adam
7.46E+17,Alexicon83,glynbmorgan
7.46E+17,Fight4UK,PeterABedford
7.46E+17,vote_leave,DanHannanMEP
7.46E+17,Fight4UK,ZacGoldsmith
7.46E+17,Fight4UK,peterdominiczak
7.46E+17,Fight4UK,ChrisPincher
7.46E+17,Fight4UK,cholt_1
7.46E+17,Fight4UK,LiamFoxMP
7.46E+17,KTHopkins,JackAfcSmith
7.46E+17,Fight4UK,VoteLeaveEM
7.46E+17,Fight4UK,vote_leave
7.46E+17,Fight4UK,BradenDavy
7.46E+17,Fight4UK,thecarolemalone
7.46E+17,NicolaSturgeon,theSNP
7.46E+17,Fight4UK,LeaveEUOfficial
7.46E+17,Fight4UK,DavidTCDavies
7.46E+17,Fight4UK,PowellPolitics
7.46E+17,StrongerInPress,PickardJE
7.46E+17,Fight4UK,labourleave
7.46E+17,Fight4UK,__GriffCo__
7.46E+17,StrongerInPress,StrongerIn
7.46E+17,Fight4UK,LeaveEUOfficial
7.46E+17,vote_leave,VStudioSchool
7.46E+17,Fight4UK,SarahFitzClari
7.46E+17,Australiaunwra6,gemsbyjulz
7.46E+17,Fight4UK,SirBentlyBlower
7.46E+17,Australiaunwra6,isobelletomkins
7.46E+17,StrongerInPress,ben4ipswich
7.46E+17,Fight4UK,Australiaunwra6
7.46E+17,Fight4UK,PrisonPlanet
7.46E+17,Fight4UK,Snowden
7.46E+17,Fight4UK,Stop_The_EU
7.46E+17,Fight4UK,BillDudleyNorth
7.46E+17,Australiaunwra6,simplicity6
7.46E+17,Fight4UK,CrusadeFan
7.46E+17,Fight4UK,paulnuttallukip
7.46E+17,Fight4UK,BeverleyTruth
7.46E+17,Fight4UK,TheHappyKipper
7.46E+17,Fight4UK,Stop_The_EU
7.46E+17,Fight4UK,Trev_Forrester
7.46E+17,Fight4UK,PrisonPlanet
7.46E+17,Fight4UK,CrusadeFan
7.46E+17,Fight4UK,Australiaunwra6
7.46E+17,Dwalingen,enunn7
7.46E+17,Fight4UK,paulnuttallukip
7.46E+17,Fight4UK,PoliticsSense
7.46E+17,Fight4UK,BillDudleyNorth
7.46E+17,StrongerIn,SadiqKhan
7.46E+17,Fight4UK,XxPLWxX
7.46E+17,Fight4UK,JamesLewisMurr1
7.46E+17,Fight4UK,OnlineMagazin
7.46E+17,Fight4UK,ExposingBBC
7.46E+17,StrongerInPress,lucianaberger
7.46E+17,StrongerInPress,nn_labour
7.46E+17,theordinaryman2,Gertusout
7.46E+17,vote_leave,jg_ratcliffe
7.46E+17,Dwalingen,Jo_Ozymandias
7.46E+17,vote_leave,russellHpinner
7.46E+17,Dwalingen,Dwalingen
7.46E+17,PrisonPlanet,FaithGoldy
7.46E+17,Dwalingen,Dwalingen
7.46E+17,Dwalingen,Dwalingen
7.46E+17,Dwalingen,Dwalingen
7.46E+17,vote_leave,Reigate_Leave
7.46E+17,vote_leave,VoteLeaveSA
7.46E+17,StrongerInPress,bethnalgreenIN
7.46E+17,Australiaunwra6,18robby78
7.46E+17,StrongerInPress,Paul_Haydon
7.46E+17,StrongerInPress,SadiqKhan
7.46E+17,StrongerInPress,MattHancockMP
7.46E+17,ChukaUmunna,HelenJNaylor
7.46E+17,StrongerInPress,UKLabourIN
7.46E+17,theordinaryman2,OpenBritain
7.46E+17,David_Cameron,StrongerIn
7.46E+17,Australiaunwra6,dfp5370
7.46E+17,LeaveEUOfficial,Of_Mice_And_Ben
7.46E+17,Australiaunwra6,Australiaunwra6
7.46E+17,StrongerInPress,StrongerIn
7.46E+17,StrongerInPress,UKLabour
7.46E+17,Rachael_Swindon,lesvcampbell
7.46E+17,Fight4UK,theordinaryman2
7.46E+17,Fight4UK,theordinaryman2
7.46E+17,Fight4UK,OpenBritain
7.46E+17,Fight4UK,Gertusout
7.46E+17,Fight4UK,theordinaryman2
7.46E+17,Fight4UK,theordinaryman2
7.46E+17,Dwalingen,vote_leave
7.46E+17,vote_leave,BenJamminWalker
7.46E+17,Dwalingen,juliamacfarlane
7.46E+17,vote_leave,darrengrimes_
7.46E+17,vote_leave,darrengrimes_
7.46E+17,SadiqKhan,Keir_Starmer
7.46E+17,SadiqKhan,Keir_Starmer
7.46E+17,LouiseMensch,SpaghettiBadger
7.46E+17,LouiseMensch,billysastard1
7.46E+17,andyburnhammp,Andy4Manchester
7.46E+17,Alexicon83,beleaveuk
7.46E+17,vote_leave,vote_leave
7.46E+17,vote_leave,SteveBakerHW
7.46E+17,StrongerInPress,StrongerIn
7.46E+17,vote_leave,NadineDorriesMP
7.46E+17,StrongerInPress,Keir_Starmer
7.46E+17,StrongerInPress,SadiqKhan
7.46E+17,vote_leave,_hanimustafa
7.46E+17,Alexicon83,AaronLeeA1991
7.46E+17,vote_leave,Mike_Fabricant
7.46E+17,vote_leave,BrexitInJune
7.46E+17,vote_leave,lawyers4animals
7.46E+17,LibDems,TanyaBurr
7.46E+17,theordinaryman2,w0rldlyw1se
7.46E+17,vote_leave,vote_leave
7.46E+17,StrongerIn,TanyaBurr
7.46E+17,StrongerInPress,NEStrongerIn
7.46E+17,RT_com,NewswithEd
7.46E+17,vote_leave,lawyers4animals
7.46E+17,vote_leave,SuzanneEvans1
7.46E+17,vote_leave,PrescottBeth
7.46E+17,Australiaunwra6,Nigel_Farage
7.46E+17,theordinaryman2,theordinaryman2
7.46E+17,StrongerInPress,nicolablackwood
7.46E+17,HonourCovenant,HonourCovenant
7.46E+17,StrongerInPress,SadiqKhan
7.46E+17,LouiseMensch,RatcliffeRacing
7.46E+17,vote_leave,ATForshaw
7.46E+17,LouiseMensch,joerichlaw
7.46E+17,StrongerIn,nicolablackwood
7.46E+17,theordinaryman2,theordinaryman2
7.46E+17,HonourCovenant,HonourCovenant
7.46E+17,StrongerInPress,theSNP
7.46E+17,StrongerInPress,theSNP
7.46E+17,HonourCovenant,HonourCovenant
7.46E+17,StrongerIn,SadiqKhan
7.46E+17,HonourCovenant,HonourCovenant
7.46E+17,StrongerInPress,BNE_Group
7.46E+17,HonourCovenant,HonourCovenant
7.46E+17,StrongerInPress,Keir_Starmer
7.46E+17,HonourCovenant,HonourCovenant
7.46E+17,vote_leave,adamhiggs5
7.46E+17,HonourCovenant,HonourCovenant
7.46E+17,NHSMillion,meebemee
7.46E+17,StrongerInPress,jeremycorbyn
7.46E+17,HonourCovenant,HonourCovenant
7.46E+17,HonourCovenant,HonourCovenant
7.46E+17,StrongerInPress,Keir_Starmer
7.46E+17,NHSMillion,dixonj
7.46E+17,NHSMillion,weloveallthat
7.46E+17,LibDems,rajaccomedy
7.46E+17,Australiaunwra6,Mix_Master_Mao
7.46E+17,HonourCovenant,HonourCovenant
7.46E+17,HonourCovenant,HonourCovenant
7.46E+17,DickGraceless,DickGraceless
7.46E+17,vote_leave,Oli_Coulson
7.46E+17,StrongerInPress,TanyaBurr
7.46E+17,StrongerInPress,StrongerIn
7.46E+17,StrongerInPress,StrongerIn
7.46E+17,Alexicon83,jordanfisheruk
7.46E+17,Australiaunwra6,CliffHippoppen
7.46E+17,vote_leave,MrSimonDudley
7.46E+17,Australiaunwra6,SUELEEheart
7.46E+17,Alexicon83,PaulTushingham
7.46E+17,Alexicon83,MadeinCalcio
7.46E+17,vote_leave,chhcalling
7.46E+17,vote_leave,andrealeadsom
7.46E+17,andrealeadsom,MickeyPetley
7.46E+17,StrongerIn,lucianaberger
7.46E+17,StrongerInPress,hilarybennmp
7.46E+17,StrongerIn,TheGreenParty
7.46E+17,LibDems,clairethomas1
7.46E+17,StrongerIn,junesarpong
7.46E+17,StrongerInPress,David_Cameron
7.46E+17,StrongerInPress,TheGreenParty
7.46E+17,montie,JakeThurmanUK
7.46E+17,StrongerInPress,StrongerIn
7.46E+17,vote_leave,toadmeister
7.46E+17,StrongerInPress,StrongerIn
7.46E+17,StrongerInPress,StrongerIn
7.46E+17,StrongerInPress,TheGreenParty
7.46E+17,LibDems,jCalderLibDem
7.46E+17,LibDems,jameslandymore
7.46E+17,Australiaunwra6,Minuteman_1756
7.46E+17,StrongerInPress,UKLabour
7.46E+17,LibDems,lib_dem_dan
7.46E+17,TheGreenParty,GPEWAimee
7.46E+17,NHSMillion,NHSMillion
7.46E+17,StrongerInPress,DailyMirror
7.46E+17,StrongerIn,jasonsfolly
7.46E+17,StrongerInPress,LibDems
7.46E+17,vote_leave,Tell_Karen
7.46E+17,StrongerInPress,jasonsfolly
7.46E+17,Stop_The_EU,CllrShrubsole
7.46E+17,StrongerInPress,AP_McCoy
7.46E+17,StrongerInPress,StrongerIn
7.46E+17,StrongerIn,AP_McCoy
7.46E+17,Australiaunwra6,joofford
7.46E+17,Patriotic_Brit,Patriotic_Brit
7.46E+17,LibDems,bristolmunkeh
7.46E+17,vote_leave,NadineDorriesMP
7.46E+17,StrongerInPress,weareeuropeuk
7.46E+17,Mike_Fabricant,andrealeadsom
7.46E+17,StrongerInPress,NWStrongerIn
7.46E+17,StrongerIn,EmmaReynoldsMP
7.46E+17,vote_leave,SpaceCharlieUK
7.46E+17,LouiseMensch,DominicFarrell
7.46E+17,StrongerInPress,StrongerIn
7.46E+17,StrongerInPress,askbagnall
7.46E+17,LibDems,yorklibdems
7.46E+17,LouiseMensch,paulwaugh
7.46E+17,David_Cameron,StrongerIn
7.46E+17,StrongerInPress,StrongerIn
7.46E+17,StrongerInPress,EmmaReynoldsMP
7.46E+17,LouiseMensch,GraemeDemianyk
7.46E+17,StrongerInPress,Paul_Haydon
7.46E+17,LibDems,edjakeman
7.46E+17,StrongerInPress,StrongerIn
7.46E+17,StrongerInPress,Irish4Europe
7.46E+17,vote_leave,DonnyMurray
7.46E+17,StrongerInPress,ConservativesIN
7.46E+17,StrongerInPress,johnprescott
7.46E+17,StrongerInPress,AndyJReed_OBE
7.46E+17,Mike_Fabricant,SpaceCharlieUK
7.46E+17,Mike_Fabricant,Mike_Fabricant
7.46E+17,vote_leave,cmackinlay
7.46E+17,Australiaunwra6,ObeWanKenobiiii
7.46E+17,LibDems,drbenjohnson
7.46E+17,vote_leave,VoteLeaveWM
7.46E+17,Australiaunwra6,jennyriarchi
7.46E+17,andrealeadsom,VoteLeaveWM
7.46E+17,StrongerInPress,CPJElmore
7.46E+17,LouiseMensch,alexpstory
7.46E+17,Australiaunwra6,harryperry15
7.46E+17,LouiseMensch,TonyHomewood
7.46E+17,Australiaunwra6,andy_demaine
7.46E+17,LibDems,jrwallace54
7.46E+17,StrongerInPress,welshlabour
7.46E+17,Australiaunwra6,timwarby61
7.46E+17,vote_leave,annietrev
7.46E+17,StrongerInPress,jeremycorbyn
7.46E+17,StrongerInPress,AnneFairweather
7.46E+17,StrongerInPress,StrongerIn
7.46E+17,StrongerInPress,StrongerInPress
7.46E+17,StrongerInPress,RupertMyers
7.46E+17,StrongerInPress,StrongerIn
7.46E+17,StrongerInPress,StrongerIn
7.46E+17,StrongerInPress,WMidsStrongerIn
7.46E+17,StrongerInPress,WMidsStrongerIn
7.46E+17,StrongerInPress,StrongerIn
7.46E+17,lewisiwu,YvetteCooperMP
7.46E+17,Australiaunwra6,LeeUpcraft
7.46E+17,DickGraceless,Bonn1eGreer
7.46E+17,Australiaunwra6,alfieriley
7.46E+17,Australiaunwra6,Amathyst25
7.46E+17,LeaveEUOfficial,LiberalLeave
7.46E+17,Australiaunwra6,princessroyalt4
7.46E+17,Australiaunwra6,toadstoolfrags
7.46E+17,LeaveEUOfficial,John_mills_jml
7.46E+17,Mike_Fabricant,NadineDorriesMP
7.46E+17,StrongerInPress,TheGreenParty
7.46E+17,JuliaHB1,SebastianEPayne
7.46E+17,StrongerInPress,TheresaMEP
7.46E+17,DavidJo52951945,LeaveEUOfficial
7.46E+17,DavidJo52951945,Of_Mice_And_Ben
7.46E+17,Australiaunwra6,martinfeeneyjr1
7.46E+17,Australiaunwra6,blinkerdbritain
7.46E+17,vote_leave,W4VoteLeave
7.46E+17,Leavethe_EU,Brndstr
7.46E+17,bazlyons,westannexnews
7.46E+17,Australiaunwra6,burdon57
7.46E+17,Dwalingen,ianross6
7.46E+17,Australiaunwra6,timwarby61
7.46E+17,Leavethe_EU,Leavethe_EU
7.46E+17,Fight4UK,LorraChaplin
7.46E+17,Alexicon83,vote_leave
7.46E+17,Fight4UK,theordinaryman2
7.46E+17,theordinaryman2,OpenBritain
7.46E+17,Alexicon83,LiberalLeave
7.46E+17,theordinaryman2,OpenBritain
7.46E+17,Fight4UK,theordinaryman2
7.46E+17,theordinaryman2,WritingSupplier
7.46E+17,Alexicon83,toadmeister
7.46E+17,Fight4UK,theordinaryman2
7.46E+17,StrongerIn,StrongerInPress
7.46E+17,Alexicon83,LeaveEUOfficial
7.46E+17,Fight4UK,theordinaryman2
7.46E+17,Alexicon83,vote_leave
7.46E+17,Alexicon83,SuzanneEvans1
7.46E+17,Alexicon83,SuzanneEvans1
7.46E+17,Fight4UK,theordinaryman2
7.46E+17,Fight4UK,theordinaryman2
7.46E+17,Fight4UK,theordinaryman2
7.46E+17,Fight4UK,w0rldlyw1se
7.46E+17,Fight4UK,theordinaryman2
7.46E+17,Alexicon83,_hanimustafa
7.46E+17,Fight4UK,theordinaryman2
7.46E+17,Fight4UK,theordinaryman2
7.46E+17,Fight4UK,theordinaryman2
7.46E+17,Alexicon83,LeaveEUOfficial
7.46E+17,Fight4UK,theordinaryman2
7.46E+17,Patriotic_Brit,calpha_bravo
7.46E+17,Alexicon83,AmandeepBhogal
7.46E+17,Patriotic_Brit,Todaysopinionis
7.46E+17,Patriotic_Brit,Todaysopinionis
7.46E+17,Patriotic_Brit,UnaDiscamus
7.46E+17,Patriotic_Brit,ATForshaw
7.46E+17,Patriotic_Brit,UnaDiscamus
7.46E+17,Patriotic_Brit,CllrShrubsole
7.46E+17,Patriotic_Brit,BenJamminWalker
7.46E+17,Alexicon83,Yuggahoey
7.46E+17,Alexicon83,SurrenderSubmit
7.46E+17,Alexicon83,jasongower
7.46E+17,Patriotic_Brit,PaulVodden
7.46E+17,Alexicon83,beyaself1
7.46E+17,Leavethe_EU,Nigel_Farage
7.46E+17,Patriotic_Brit,DanMinnican
7.46E+17,Patriotic_Brit,DanielCH13
7.46E+17,Patriotic_Brit,IAMTWaterhouse
7.46E+17,Patriotic_Brit,danlufan
7.46E+17,Patriotic_Brit,stephen501
7.46E+17,bazlyons,Favstar_Bot
7.46E+17,Patriotic_Brit,Washroom_info
7.46E+17,StrongerInPress,StrongerIn
7.46E+17,Patriotic_Brit,tasha960
7.46E+17,StrongerInPress,StrongerIn
7.46E+17,Patriotic_Brit,VazHawk
7.46E+17,Patriotic_Brit,LivingInHopeUK
7.46E+17,Patriotic_Brit,ShortFuseGeek
7.46E+17,Patriotic_Brit,sharonwit
7.46E+17,Alexicon83,paulnorris84
7.46E+17,StrongerInPress,StrongerIn
7.46E+17,Patriotic_Brit,Olly_Tozer
7.46E+17,Patriotic_Brit,Dakeb_MCFC
7.46E+17,Alexicon83,TheNicSoapdish
7.46E+17,Patriotic_Brit,myozone
7.46E+17,Patriotic_Brit,_jonnny_
7.46E+17,Alexicon83,TheQueensEleven
7.46E+17,Patriotic_Brit,GoPandora
7.46E+17,Alexicon83,SNP4Leave_
7.46E+17,Patriotic_Brit,Overlord_Anubis
7.46E+17,Patriotic_Brit,RyanBliss_
7.46E+17,StrongerInPress,StrongerIn
7.46E+17,Patriotic_Brit,_jonnny_
7.46E+17,Alexicon83,Thomasjtaylor92
7.46E+17,Patriotic_Brit,TheViper1978
7.46E+17,Patriotic_Brit,MATTIPOYSTI
7.46E+17,Patriotic_Brit,Spolohiblog
7.46E+17,vote_leave,davidroachcouk
7.46E+17,Patriotic_Brit,Marc_MeWurdz
7.46E+17,Patriotic_Brit,TheRBPE
7.46E+17,Patriotic_Brit,Wardy_80
7.46E+17,Patriotic_Brit,euswordofmouth
7.46E+17,Patriotic_Brit,EmmaLoulie85
7.46E+17,Patriotic_Brit,AmericanosHotDo
7.46E+17,SadiqKhan,BatterseaLabour
7.46E+17,Patriotic_Brit,charliiee_3
7.46E+17,Patriotic_Brit,TheViper1978
7.46E+17,Australiaunwra6,trojannunu
7.46E+17,vote_leave,AmandeepBhogal
7.46E+17,Australiaunwra6,CallingEngland
7.46E+17,vote_leave,DianeDoddsMEP
7.46E+17,Rachael_Swindon,Rachael_Swindon
7.46E+17,Australiaunwra6,tinkerpuss
7.46E+17,Australiaunwra6,FreeFromEURule
7.46E+17,junayed_,NBTConor
7.46E+17,Australiaunwra6,BrexitBaker
7.46E+17,Bonn1eGreer,SOImarket
7.46E+17,StrongerInPress,JKCorden
7.46E+17,StrongerInPress,UKLabour
7.46E+17,Australiaunwra6,ShaunWatchorn
7.46E+17,vote_leave,HenrySmithMP
7.46E+17,StrongerInPress,The_TUC
7.46E+17,Australiaunwra6,TubeAnalyst
7.46E+17,DanHannanMEP,AmandeepBhogal
7.46E+17,StrongerIn,The_TUC
7.46E+17,DVATW,TheoPaphitis
7.46E+17,vote_leave,jamieamartin1
7.46E+17,StrongerInPress,StrongerIn
7.46E+17,vote_leave,BrexitInJune
7.46E+17,DVATW,DavidMilwr
7.46E+17,DVATW,JakeThurmanUK
7.46E+17,_CarltonCole9,_CarltonCole9
7.46E+17,Patriotic_Brit,Patriotic_Brit
7.46E+17,StrongerIn,TheGreenParty
7.46E+17,StrongerInPress,StrongerIn
7.46E+17,Patriotic_Brit,Doey_x
7.46E+17,Patriotic_Brit,Matt__was__here
7.46E+17,StrongerIn,LibDems
7.46E+17,Patriotic_Brit,JSimkiss
7.46E+17,Patriotic_Brit,GSwinburn
7.46E+17,Patriotic_Brit,UnaDiscamus
7.46E+17,LeaveEUOfficial,Y_Eurosceptics
7.46E+17,Patriotic_Brit,dnBXSS
7.46E+17,Australiaunwra6,LeapingwellIan
7.46E+17,DVATW,ianjamesparsley
7.46E+17,Patriotic_Brit,EVANSlufc
7.46E+17,Patriotic_Brit,equalboomerator
7.46E+17,vote_leave,andrealeadsom
7.46E+17,vote_leave,MrRBourne
7.46E+17,vote_leave,suttonnick
7.46E+17,Australiaunwra6,Australiaunwra6
7.46E+17,Australiaunwra6,Australiaunwra6
7.46E+17,Australiaunwra6,Australiaunwra6
7.46E+17,Australiaunwra6,Australiaunwra6
7.46E+17,Australiaunwra6,Australiaunwra6
7.46E+17,Patriotic_Brit,anony_ree
7.46E+17,Australiaunwra6,Australiaunwra6
7.46E+17,Patriotic_Brit,YorksJAT
7.46E+17,Australiaunwra6,Australiaunwra6
7.46E+17,Australiaunwra6,Australiaunwra6
7.46E+17,Patriotic_Brit,jambo1966
7.46E+17,Australiaunwra6,Australiaunwra6
7.46E+17,Australiaunwra6,Australiaunwra6
7.46E+17,Australiaunwra6,Australiaunwra6
7.46E+17,Patriotic_Brit,theFIRErises14
7.46E+17,Australiaunwra6,Australiaunwra6
7.46E+17,Australiaunwra6,Australiaunwra6
7.46E+17,Australiaunwra6,Australiaunwra6
7.46E+17,Australiaunwra6,Australiaunwra6
7.46E+17,Australiaunwra6,Australiaunwra6
7.46E+17,Patriotic_Brit,esclad
7.46E+17,Australiaunwra6,Australiaunwra6
7.46E+17,vote_leave,Alexicon83
7.46E+17,Patriotic_Brit,DenaAshness
7.46E+17,LeaveEUOfficial,suttonnick
7.46E+17,vote_leave,VoteLeaveSA
7.46E+17,Patriotic_Brit,GouldSam
7.46E+17,vote_leave,Vote_LeaveMedia
7.46E+17,Patriotic_Brit,bustedflush_uk
7.46E+17,Patriotic_Brit,RoundLike
7.46E+17,vote_leave,clewsyworld
7.46E+17,StrongerInPress,YandHStrongerIn
7.46E+17,Alexicon83,annafbeswick
7.46E+17,Australiaunwra6,tinkerpuss
7.46E+17,Stop_The_EU,htwiggy
7.46E+17,vote_leave,DVATW
7.46E+17,vote_leave,calvinrobinson
7.46E+17,Patriotic_Brit,LiamRDSaunders
7.46E+17,David_Cameron,StrongerIn
7.46E+17,Patriotic_Brit,r4mbh4kt
7.46E+17,Patriotic_Brit,vote_leave
7.46E+17,Patriotic_Brit,LordFarquod
7.46E+17,Patriotic_Brit,britishbrit007
7.46E+17,Patriotic_Brit,woodstar00
7.46E+17,Patriotic_Brit,jackpen95
7.46E+17,Patriotic_Brit,ethan_wood__
7.46E+17,Australiaunwra6,Australiaunwra6
7.46E+17,UKLabour,akhanmep
7.46E+17,Patriotic_Brit,teganjonessx
7.46E+17,vote_leave,akhanmep
7.46E+17,StrongerInPress,StrongerIn
7.46E+17,Patriotic_Brit,materialgirl83
7.46E+17,Patriotic_Brit,BritsLovePolls
7.46E+17,vote_leave,LeeWatersUKIP
7.46E+17,Patriotic_Brit,MikeRossP
7.46E+17,LibDems,LeeHunt6
7.46E+17,Patriotic_Brit,Htimsnalced
7.46E+17,Patriotic_Brit,go_thriveuk
7.46E+17,Patriotic_Brit,trickyred7980
7.46E+17,Patriotic_Brit,FreeMyExistance
7.46E+17,junayed_,junayed_
7.46E+17,junayed_,junayed_
7.46E+17,StrongerIn,akhanmep
7.46E+17,StrongerIn,UKLabourIN
7.46E+17,junayed_,junayed_
7.46E+17,junayed_,junayed_
7.46E+17,vote_leave,CherylGillanMP
7.46E+17,vote_leave,BearGardenMan
7.46E+17,vote_leave,Of_Mice_And_Ben
7.46E+17,Rachael_Swindon,GeorginaCassar
7.46E+17,Alexicon83,BritsLovePolls
7.46E+17,Dwalingen,jennyriarchi
7.46E+17,Alexicon83,Stop_The_EU
7.46E+17,Dwalingen,Bob4UKIP2Brexit
7.46E+17,Dwalingen,Dwalingen
7.46E+17,Alexicon83,BanTheBBC
7.46E+17,Dwalingen,Bob4UKIP2Brexit
7.46E+17,junayed_,PhillipRowntree
7.46E+17,vote_leave,cmackinlay
7.46E+17,Alexicon83,RoundLike
7.46E+17,vote_leave,blp_1995
7.46E+17,StrongerIn,UKLabour
7.46E+17,Alexicon83,RemainShame
7.46E+17,Alexicon83,Marty_Caine
7.46E+17,Fight4UK,Brexit4us
7.46E+17,LibDems,caronmlindsay
7.46E+17,vote_leave,conorburns_mp
7.46E+17,vote_leave,Geoffrey_Cox
7.46E+17,vote_leave,AmyLeedsTory
7.46E+17,vote_leave,Ukip4Eddisbury
7.46E+17,vote_leave,ThomasOCoffey
7.46E+17,Fight4UK,LorraChaplin
7.46E+17,vote_leave,betteroutofEU
7.46E+17,vote_leave,darrengrimes_
7.46E+17,JuliaHB1,vote_leave
7.46E+17,JuliaHB1,iainmartin1
7.46E+17,StrongerIn,IslingtonIn
7.46E+17,junayed_,saniyesmith
7.46E+17,StrongerIn,UKLabour
7.46E+17,theordinaryman2,Danny_Harvey179
7.46E+17,vote_leave,KirstyMLocke
7.46E+17,davidschneider,thatlot
7.46E+17,LibDems,LibDemEd
7.46E+17,Patriotic_Brit,lhowie3
7.46E+17,TheGreenParty,bristolgreen
7.46E+17,StrongerIn,ChukaUmunna
7.46E+17,vote_leave,VoteLeaveEM
7.46E+17,Stop_The_EU,martinjdiggins
7.46E+17,CarolineLucas,LeoWalton1987
7.46E+17,CarolineLucas,IslingtonIn
7.46E+17,CarolineLucas,islingtongreens
7.46E+17,Rachael_Swindon,Unnamedinsider
7.46E+17,theordinaryman2,theordinaryman2
7.46E+17,theordinaryman2,theordinaryman2
7.46E+17,vote_leave,MichelleDewbs
7.46E+17,theordinaryman2,theordinaryman2
7.46E+17,Leavethe_EU,ThomasOCoffey
7.46E+17,Leavethe_EU,DannySkeff
7.46E+17,theordinaryman2,theordinaryman2
7.46E+17,theordinaryman2,theordinaryman2
7.46E+17,DanHannanMEP,vote_leave
7.46E+17,theordinaryman2,theordinaryman2
7.46E+17,theordinaryman2,theordinaryman2
7.46E+17,StrongerIn,UKLabourIN
7.46E+17,vote_leave,Vote_To_Leave
7.46E+17,LibDems,VictorKaufman
7.46E+17,vote_leave,Leavethe_EU
7.46E+17,vote_leave,Danny_Harvey179
7.46E+17,vote_leave,SteveBakerHW
7.46E+17,LibDems,anton_georgiou
7.46E+17,StrongerIn,TheGreenParty
7.46E+17,StrongerIn,scotstrongerin
7.46E+17,CarolineLucas,JonNott
7.46E+17,StrongerIn,LibDems
7.46E+17,CarolineLucas,bcomininvisible
7.46E+17,CarolineLucas,TheGreenParty
7.46E+17,StrongerIn,SadiqKhan
7.46E+17,Mike_Fabricant,ApexBrewery
7.46E+17,LouiseMensch,andrejpwalker
7.46E+17,LibDems,moegenie
7.46E+17,HonourCovenant,HonourCovenant
7.46E+17,Mike_Fabricant,LeaveEUOfficial
7.46E+17,vote_leave,TeamTorbay
7.46E+17,HonourCovenant,HonourCovenant
7.46E+17,HonourCovenant,HonourCovenant
7.46E+17,HonourCovenant,HonourCovenant
7.46E+17,Dwalingen,Dwalingen
7.46E+17,HonourCovenant,HonourCovenant
7.46E+17,HonourCovenant,HonourCovenant
7.46E+17,HonourCovenant,HonourCovenant
7.46E+17,HonourCovenant,HonourCovenant
7.46E+17,HonourCovenant,HonourCovenant
7.46E+17,Alexicon83,robinjdpopley
7.46E+17,LibDems,DunfLibDems
7.46E+17,StrongerInPress,agcolehamilton
7.46E+17,StrongerInPress,mtpennycook
7.46E+17,StrongerInPress,UKLabourIN
7.46E+17,vote_leave,CllrShrubsole
7.46E+17,HonourCovenant,HonourCovenant
7.46E+17,Alexicon83,Thepedant_
7.46E+17,ChukaUmunna,EdDavie
7.46E+17,Alexicon83,mayfireflie
7.46E+17,Alexicon83,mayfireflie
7.46E+17,vote_leave,BrexitInJune
7.46E+17,HonourCovenant,HonourCovenant
7.46E+17,HonourCovenant,HonourCovenant
7.46E+17,Bonn1eGreer,VoteLeaveWD
7.46E+17,Dwalingen,Dwalingen
7.46E+17,Dwalingen,Dwalingen
7.46E+17,vote_leave,matthewgordonn
7.46E+17,Bonn1eGreer,Otto_English
7.46E+17,bazlyons,bazlyons
7.46E+17,StrongerIn,UKLabour
7.46E+17,StrongerIn,UKLabourIN
7.46E+17,HonourCovenant,HonourCovenant
7.46E+17,HonourCovenant,HonourCovenant
7.46E+17,HonourCovenant,HonourCovenant
7.46E+17,HonourCovenant,HonourCovenant
7.46E+17,HonourCovenant,HonourCovenant
7.46E+17,HonourCovenant,HonourCovenant
7.46E+17,NathanGillMEP,UKIPWales
7.46E+17,HonourCovenant,HonourCovenant
7.46E+17,HonourCovenant,HonourCovenant
7.46E+17,HonourCovenant,HonourCovenant
7.46E+17,vote_leave,vote_leave
7.46E+17,HonourCovenant,HonourCovenant
7.46E+17,HonourCovenant,HonourCovenant
7.46E+17,vote_leave,vote_leave
7.46E+17,HonourCovenant,HonourCovenant
7.46E+17,HonourCovenant,HonourCovenant
7.46E+17,David_Cameron,ConservativesIN
7.46E+17,Alexicon83,AidenBeswick
7.46E+17,Alexicon83,LIVESPURS
7.46E+17,Alexicon83,bigread23
7.46E+17,Alexicon83,TruePorkins
7.46E+17,HonourCovenant,HonourCovenant
7.46E+17,vote_leave,PrestonLeave
7.46E+17,Alexicon83,RickHammer
7.46E+17,Dwalingen,whathteheck
7.46E+17,HonourCovenant,HonourCovenant
7.46E+17,HonourCovenant,HonourCovenant
7.46E+17,StrongerInPress,StrongerIn
7.46E+17,StrongerInPress,UKLabourIN
7.46E+17,DanHannanMEP,blp_1995
7.46E+17,Alexicon83,toryelectioneer
7.46E+17,Alexicon83,bernerlap
7.46E+17,theordinaryman2,Leavethe_EU
7.46E+17,Alexicon83,FionaMillsUKIP
7.46E+17,Alexicon83,paulnuttallukip
7.46E+17,Alexicon83,Y_Eurosceptics
7.46E+17,Alexicon83,jamieamartin1
7.46E+17,HonourCovenant,HonourCovenant
7.46E+17,HonourCovenant,HonourCovenant
7.46E+17,StrongerInPress,StrongerInPress
7.46E+17,StrongerIn,weareeuropeuk
7.46E+17,StrongerInPress,ben4bath
7.46E+17,HonourCovenant,HonourCovenant
7.46E+17,HonourCovenant,HonourCovenant
7.46E+17,HonourCovenant,HonourCovenant
7.46E+17,HonourCovenant,HonourCovenant
7.46E+17,HonourCovenant,HonourCovenant
7.46E+17,StrongerInPress,StrongerIn
7.46E+17,Alexicon83,FreddiePSS
7.46E+17,StrongerIn,Palomafaith
7.46E+17,Alexicon83,mgilbert1984
7.46E+17,HonourCovenant,HonourCovenant
7.46E+17,HonourCovenant,HonourCovenant
7.46E+17,Dwalingen,Blackbirds1632
7.46E+17,HonourCovenant,HonourCovenant
7.46E+17,NathanGillMEP,UKIPWales
7.46E+17,DanHannanMEP,AlvinCarpio
7.46E+17,HonourCovenant,HonourCovenant
7.46E+17,vote_leave,cllrjoeporter
7.46E+17,HonourCovenant,HonourCovenant
7.46E+17,StrongerInPress,UKLabour
7.46E+17,HonourCovenant,HonourCovenant
7.46E+17,StrongerInPress,thomasbrake
7.46E+17,sturdyAlex,DMReporter
7.46E+17,vote_leave,PeteMorganTT
7.46E+17,theordinaryman2,theordinaryman2
7.46E+17,theordinaryman2,theordinaryman2
7.46E+17,junayed_,GrizzlyKhan_
7.46E+17,theordinaryman2,theordinaryman2
7.46E+17,Dwalingen,FreddiePSS
7.46E+17,Bonn1eGreer,NicolaSturgeon
7.46E+17,Dwalingen,GrrrGraphics
7.46E+17,StrongerInPress,SamGyimah
7.46E+17,andyburnhammp,Andy4Manchester
7.46E+17,StrongerInPress,MaryCreaghMP
7.46E+17,LeaveEUOfficial,JakeThurmanUK
7.46E+17,vote_leave,Crozza123
7.46E+17,Fight4UK,theordinaryman2
7.46E+17,Fight4UK,theordinaryman2
7.46E+17,Fight4UK,theordinaryman2
7.46E+17,Fight4UK,theordinaryman2
7.46E+17,Fight4UK,theordinaryman2
7.46E+17,Fight4UK,theordinaryman2
7.46E+17,Fight4UK,theordinaryman2
7.46E+17,Fight4UK,theordinaryman2
7.46E+17,vote_leave,MitchellGoldie
7.46E+17,Fight4UK,Leavethe_EU
7.46E+17,Fight4UK,theordinaryman2
7.46E+17,Fight4UK,theordinaryman2
7.46E+17,Fight4UK,theordinaryman2
7.46E+17,Fight4UK,theordinaryman2
7.46E+17,Fight4UK,theordinaryman2
7.46E+17,Fight4UK,theordinaryman2
7.46E+17,Fight4UK,theordinaryman2
7.46E+17,Fight4UK,theordinaryman2
7.46E+17,Fight4UK,theordinaryman2
7.46E+17,StrongerInPress,jreedmp
7.46E+17,Fight4UK,theordinaryman2
7.46E+17,Fight4UK,theordinaryman2
7.46E+17,Fight4UK,theordinaryman2
7.46E+17,Fight4UK,theordinaryman2
7.46E+17,Fight4UK,theordinaryman2
7.46E+17,Fight4UK,theordinaryman2
7.46E+17,Fight4UK,theordinaryman2
7.46E+17,Fight4UK,theordinaryman2
7.46E+17,Fight4UK,theordinaryman2
7.46E+17,Fight4UK,theordinaryman2
7.46E+17,Fight4UK,theordinaryman2
7.46E+17,Fight4UK,theordinaryman2
7.46E+17,Fight4UK,theordinaryman2
7.46E+17,Fight4UK,theordinaryman2
7.46E+17,Fight4UK,theordinaryman2
7.46E+17,Fight4UK,theordinaryman2
7.46E+17,StrongerInPress,David_Cameron
7.46E+17,Fight4UK,theordinaryman2
7.46E+17,Fight4UK,theordinaryman2
7.46E+17,Fight4UK,Danny_Harvey179
7.46E+17,Fight4UK,theordinaryman2
7.46E+17,Dwalingen,Dwalingen
7.46E+17,Fight4UK,theordinaryman2
7.46E+17,Fight4UK,theordinaryman2
7.46E+17,Fight4UK,theordinaryman2
7.46E+17,Fight4UK,theordinaryman2
7.46E+17,Fight4UK,theordinaryman2
7.46E+17,Fight4UK,theordinaryman2
7.46E+17,Fight4UK,theordinaryman2
7.46E+17,Fight4UK,theordinaryman2
7.46E+17,Fight4UK,theordinaryman2
7.46E+17,Fight4UK,theordinaryman2
7.46E+17,Telegraph,TelePolitics
7.46E+17,Fight4UK,WritingSupplier
7.46E+17,Fight4UK,OpenBritain
7.46E+17,Fight4UK,OpenBritain
7.46E+17,StrongerInPress,GreensForEurope
7.46E+17,Dwalingen,GrahamGtk1954
7.46E+17,andrealeadsom,mariacaulfield
7.46E+17,Dwalingen,patcondell
7.46E+17,Alexicon83,vote_leave
7.46E+17,Alexicon83,MitchellGoldie
7.46E+17,andrealeadsom,andrealeadsom
7.46E+17,StrongerIn,StrongerInPress
7.46E+17,andrealeadsom,Donna_R_E
7.46E+17,andrealeadsom,Donna_R_E
7.46E+17,Dwalingen,JohnyMeldrum
7.46E+17,Dwalingen,donaldstrowsers
7.46E+17,Dwalingen,theordinaryman2
7.46E+17,Bonn1eGreer,BexAtkinsonLord
7.46E+17,Dwalingen,PowellPolitics
7.46E+17,andrealeadsom,blinkerdbritain
7.46E+17,andrealeadsom,BrexitNoww
7.46E+17,vote_leave,mariacaulfield
7.46E+17,Dwalingen,theordinaryman2
7.46E+17,Alexicon83,LiamPLEdwards
7.46E+17,andrealeadsom,pinkmonkeygin
7.46E+17,theordinaryman2,theordinaryman2
7.46E+17,theordinaryman2,theordinaryman2
7.46E+17,vote_leave,Muslims4Britain
7.46E+17,theordinaryman2,theordinaryman2
7.46E+17,Alexicon83,mariacaulfield
7.46E+17,theordinaryman2,theordinaryman2
7.46E+17,Alexicon83,andrealeadsom
7.46E+17,DanHannanMEP,Muslims4Britain
7.46E+17,theordinaryman2,theordinaryman2
7.46E+17,theordinaryman2,theordinaryman2
7.46E+17,theordinaryman2,theordinaryman2
7.46E+17,theordinaryman2,theordinaryman2
7.46E+17,LibDems,SimonHughes
7.46E+17,theordinaryman2,theordinaryman2
7.46E+17,theordinaryman2,theordinaryman2
7.46E+17,theordinaryman2,theordinaryman2
7.46E+17,theordinaryman2,theordinaryman2
7.46E+17,theordinaryman2,theordinaryman2
7.46E+17,theordinaryman2,theordinaryman2
7.46E+17,theordinaryman2,theordinaryman2
7.46E+17,theordinaryman2,theordinaryman2
7.46E+17,theordinaryman2,theordinaryman2
7.46E+17,theordinaryman2,theordinaryman2
7.46E+17,theordinaryman2,theordinaryman2
7.46E+17,Bonn1eGreer,alifwst
7.46E+17,theordinaryman2,theordinaryman2
7.46E+17,theordinaryman2,theordinaryman2
7.46E+17,theordinaryman2,theordinaryman2
7.46E+17,theordinaryman2,theordinaryman2
7.46E+17,theordinaryman2,theordinaryman2
7.46E+17,PoliticsGhost,SupernovaeHD
7.46E+17,theordinaryman2,theordinaryman2
7.46E+17,Alexicon83,Muslims4Britain
7.46E+17,theordinaryman2,theordinaryman2
7.46E+17,LibDems,pimlicat
7.46E+17,theordinaryman2,theordinaryman2
7.46E+17,theordinaryman2,theordinaryman2
7.46E+17,theordinaryman2,theordinaryman2
7.46E+17,theordinaryman2,theordinaryman2
7.46E+17,theordinaryman2,theordinaryman2
7.46E+17,theordinaryman2,theordinaryman2
7.46E+17,theordinaryman2,theordinaryman2
7.46E+17,theordinaryman2,theordinaryman2
7.46E+17,theordinaryman2,theordinaryman2
7.46E+17,andyburnhammp,NWYoungLab
7.46E+17,theordinaryman2,theordinaryman2
7.46E+17,theordinaryman2,theordinaryman2
7.46E+17,theordinaryman2,theordinaryman2
7.46E+17,theordinaryman2,theordinaryman2
7.46E+17,theordinaryman2,theordinaryman2
7.46E+17,andrealeadsom,Muslims4Britain
7.46E+17,theordinaryman2,theordinaryman2
7.46E+17,theordinaryman2,theordinaryman2
7.46E+17,andrealeadsom,vote_leave
7.46E+17,andrealeadsom,vote_leave
7.46E+17,andrealeadsom,Muslims4Britain
7.46E+17,Alexicon83,theordinaryman2
7.46E+17,TelePolitics,Telegraph
7.46E+17,Telegraph,TelePolitics
7.46E+17,Rachael_Swindon,Godfather19811
7.46E+17,Dwalingen,Dwalingen
7.46E+17,Alexicon83,theordinaryman2
7.46E+17,andrealeadsom,vote_leave
7.46E+17,andrealeadsom,tomhfh
7.46E+17,Fight4UK,LeaveEUOfficial
7.46E+17,Fight4UK,suttonnick
7.46E+17,andrealeadsom,CllrShrubsole
7.46E+17,Fight4UK,Y_Eurosceptics
7.46E+17,andrealeadsom,BenJamminWalker
7.46E+17,Fight4UK,LeaveEUOfficial
7.46E+17,Fight4UK,John_mills_jml
7.46E+17,Fight4UK,LiberalLeave
7.46E+17,Fight4UK,LeaveEUOfficial
7.46E+17,Fight4UK,Of_Mice_And_Ben
7.46E+17,Fight4UK,LeaveEUOfficial
7.46E+17,vote_leave,JbBruce11
7.46E+17,Dwalingen,Dwalingen
7.46E+17,junayed_,ssiiimmoonn
7.46E+17,junayed_,Green20William
7.46E+17,Dwalingen,Dwalingen
7.46E+17,TelePolitics,Telegraph
7.46E+17,vote_leave,ChrisPincher
7.46E+17,Dwalingen,Dwalingen
7.46E+17,patcondell,allisonpearson
7.46E+17,Fight4UK,VotePursglove
7.46E+17,Fight4UK,NathanGillMEP
7.46E+17,Fight4UK,TheSun
7.46E+17,StrongerInPress,bethnalgreenIN
7.46E+17,StrongerInPress,UKLabour
7.46E+17,StrongerInPress,UKLabour
7.46E+17,Fight4UK,ajcdeane
7.46E+17,Dwalingen,udouseless
7.46E+17,Fight4UK,JuliaHB1
7.46E+17,Fight4UK,Charlton_UKIP
7.46E+17,Fight4UK,WalaaIdris
7.46E+17,Fight4UK,MargotLJParker
7.46E+17,Fight4UK,MargotLJParker
7.46E+17,Dwalingen,HonourCovenant
7.46E+17,StrongerIn,ElectoralCommUK
7.46E+17,Dwalingen,PoliticsSense
7.46E+17,LibDems,JamesWHarrison
7.46E+17,StrongerIn,StrongerInPress
7.46E+17,David_Cameron,ElectoralCommUK
7.46E+17,Dwalingen,RT_com
7.46E+17,Fight4UK,blp_1995
7.46E+17,Fight4UK,vote_leave
7.46E+17,Dwalingen,PoliticsSense
7.46E+17,junayed_,SongWarmonger
7.46E+17,StrongerInPress,UKLabourIN
7.46E+17,RT_com,RTUKnews
7.46E+17,Telegraph,TelePolitics
7.46E+17,Fight4UK,ChrisPincher
7.46E+17,Fight4UK,JbBruce11
7.46E+17,Alexicon83,Michael_Taylor_
7.46E+17,Fight4UK,vote_leave
7.46E+17,Fight4UK,Muslims4Britain
7.46E+17,Fight4UK,mariacaulfield
7.46E+17,Fight4UK,vote_leave
7.46E+17,Fight4UK,MitchellGoldie
7.46E+17,Fight4UK,Crozza123
7.46E+17,Fight4UK,PeteMorganTT
7.46E+17,LibDems,binny_uk
7.46E+17,Fight4UK,vote_leave
7.46E+17,Fight4UK,cllrjoeporter
7.46E+17,Fight4UK,PrestonLeave
7.46E+17,StrongerInPress,CambridgeLabour
7.46E+17,Fight4UK,vote_leave
7.46E+17,Dwalingen,Stop_The_EU
7.46E+17,Alexicon83,BradenDavy
7.46E+17,Alexicon83,JA_Onion_Bhajis
7.46E+17,Alexicon83,LaCatholicState
7.46E+17,TomLondon6,saimelondon
7.46E+17,Dwalingen,Fight4UK
7.46E+17,Fight4UK,allisonpearson
7.46E+17,Dwalingen,isaacpaul_10
7.46E+17,Dwalingen,Schiedam_wtf
7.46E+17,Dwalingen,Paulcoo04617620
7.46E+17,Stop_The_EU,Stop_The_EU
7.46E+17,Dwalingen,JbBruce11
7.46E+17,Dwalingen,LordCarlG
7.46E+17,BBCNews,bbcnickrobinson
7.46E+17,Fight4UK,RaheemKassam
7.46E+17,NicolaSturgeon,PeterMurrell
7.46E+17,Telegraph,TelePolitics
7.46E+17,jeremycorbyn,UKLabour
7.46E+17,Fight4UK,vote_leave
7.46E+17,Fight4UK,V5M1000
7.46E+17,StrongerInPress,David_Cameron
7.46E+17,Stop_The_EU,vote_leave
7.46E+17,Fight4UK,patcondell
7.46E+17,StrongerInPress,StrongerIn
7.46E+17,Dwalingen,V_of_Europe
7.46E+17,Alexicon83,jackADdawkins
7.46E+17,Alexicon83,Cucked_UK
7.46E+17,Alexicon83,ramcc86
7.46E+17,Fight4UK,Htimsnalced
7.46E+17,Fight4UK,ed_pountney
7.46E+17,Dwalingen,Dwalingen
7.46E+17,Fight4UK,BritsLovePolls
7.46E+17,Fight4UK,UnaDiscamus
7.46E+17,Fight4UK,Todaysopinionis
7.46E+17,Fight4UK,UnaDiscamus
7.46E+17,Fight4UK,UnaDiscamus
7.46E+17,StrongerInPress,GlenisWillmott
7.46E+17,Dwalingen,Dwalingen
7.46E+17,Fight4UK,blitzduk
7.46E+17,Dwalingen,Dwalingen
7.46E+17,Fight4UK,Ironwand
7.46E+17,Dwalingen,Dwalingen
7.46E+17,Dwalingen,Dwalingen
7.46E+17,Alexicon83,UpNorthandGRIM
7.46E+17,Dwalingen,Dwalingen
7.46E+17,Fight4UK,deacy72
7.46E+17,StrongerIn,UKLabourIN
7.46E+17,Fight4UK,GazWatty1
7.46E+17,Fight4UK,PaulVodden
7.46E+17,Dwalingen,Dwalingen
7.46E+17,Patriotic_Brit,Scottish1997
7.46E+17,Alexicon83,Dwalingen
7.46E+17,Alexicon83,vote_leave
7.46E+17,TheGreenParty,GreenJeanMEP
7.46E+17,StrongerInPress,catherinemep
7.46E+17,TheGreenParty,GreensForEurope
7.46E+17,StrongerInPress,damiangreenmp
7.46E+17,TheGreenParty,natalieben
7.46E+17,Alexicon83,cllrjoeporter
7.46E+17,StrongerInPress,UKLabour
7.46E+17,SkyNews,KayBurley
7.46E+17,LibDems,Daas1901
7.46E+17,TheGreenParty,Another_Europe
7.46E+17,junayed_,_phoebe_quinn
7.46E+17,TheGreenParty,ElectoralCommUK
7.46E+17,Alexicon83,Junderscoreling
7.46E+17,SkyNews,AnnaJonesSky
7.46E+17,Alexicon83,yellowfan26
7.46E+17,Alexicon83,Mcmc1977Michael
7.46E+17,Alexicon83,joshu_100
7.46E+17,JuliaHB1,PolhomeEditor
7.46E+17,bazlyons,ChribHibble
7.46E+17,Dwalingen,tinkerpuss
7.46E+17,UKLabour,SadiqKhan
7.46E+17,StrongerInPress,welshlabour
7.46E+17,StrongerInPress,FergalMcFerran
7.46E+17,StrongerInPress,davidbicknell1
7.46E+17,TomLondon6,richard_jlucas
7.46E+17,vote_leave,PrescottBeth
7.46E+17,Stop_The_EU,Dwalingen
7.46E+17,Bonn1eGreer,BenChu_
7.46E+17,StrongerIn,ElectoralCommUK
7.46E+17,David_Cameron,ElectoralCommUK
7.46E+17,TelePolitics,LettersDesk
7.46E+17,TelePolitics,Telegraph
7.46E+17,StrongerInPress,UKLabourIN
7.46E+17,UKLabour,jeremycorbyn
7.46E+17,StrongerIn,jeremycorbyn
7.46E+17,StrongerIn,StrongerInPress
7.46E+17,StrongerIn,StrongerInPress
7.46E+17,vote_leave,theresedonnelly
7.46E+17,StrongerInPress,UKLabour
7.46E+17,StrongerIn,UKLabourIN
7.46E+17,HonourCovenant,andy_demaine
7.46E+17,StrongerInPress,StrongerInPress
7.46E+17,DavidJo52951945,toadmeister
7.46E+17,UKLabour,ElectoralCommUK
7.46E+17,HonourCovenant,cmdorsey
7.46E+17,HonourCovenant,craftylady55
7.46E+17,vote_leave,AlasdairIS
7.46E+17,HonourCovenant,LindaTester3
7.46E+17,Telegraph,TelePolitics
7.46E+17,DavidJo52951945,LeaveEUOfficial
7.46E+17,vote_leave,ElectoralCommUK
7.46E+17,HonourCovenant,INDXT
7.46E+17,DickGraceless,BuzzFeedUK
7.46E+17,LeaveEUOfficial,LeaveEUOfficial
7.46E+17,LeaveEUOfficial,JuliaHB1
7.46E+17,LibDems,nick_dacosta
7.46E+17,LeaveEUOfficial,Telegraph
7.46E+17,Bonn1eGreer,jimwaterson
7.46E+17,business,johnfraher
7.46E+17,HonourCovenant,andy_demaine
7.46E+17,StrongerInPress,StrongerIn
7.46E+17,Dwalingen,SimonPhillipsUK
7.46E+17,StrongerIn,LibDems
7.46E+17,junayed_,Isoplx
7.46E+17,vote_leave,GeorgeMorrall
7.46E+17,TheGreenParty,McrGreenParty
7.46E+17,StrongerInPress,thomasbrake
7.46E+17,LibDems,thomasbrake
7.46E+17,StrongerIn,TomTugendhat
7.46E+17,TelePolitics,christopherhope
7.46E+17,Telegraph,TelePolitics
7.46E+17,StrongerIn,ElectoralCommUK
7.46E+17,StrongerInPress,StrongerIn
7.46E+17,StrongerInPress,StrongerIn
7.46E+17,David_Cameron,ElectoralCommUK
7.46E+17,StrongerInPress,CHazelgrove
7.46E+17,BBCNews,BBCNewsnight
7.46E+17,StrongerIn,StrongerInPress
7.46E+17,LibDems,stevebeasant
7.46E+17,SkyNews,KayBurley
7.46E+17,StrongerInPress,jarek_pawel
7.46E+17,Telegraph,TelePolitics
7.46E+17,LeaveEUOfficial,blp_1995
7.46E+17,Alexicon83,idiot_random
7.46E+17,StrongerIn,StrongerInPress
7.46E+17,RT_com,RTUKnews
7.46E+17,StrongerInPress,StrongerInPress
7.46E+17,StrongerIn,StrongerInPress
7.46E+17,StrongerInPress,DianaJohnsonMP
7.46E+17,StrongerInPress,WalesStrongerIn
7.46E+17,SkyNews,skyelections
7.46E+17,TomLondon6,johnWmethodist
7.46E+17,TelePolitics,Telegraph
7.46E+17,SkyNews,skyelections
7.46E+17,SkyNews,SkyNewsBreak
7.46E+17,itvnews,PaulBrandITV
7.46E+17,RT_com,RTUKnews
7.46E+17,Alexicon83,MsCatieMaxx
7.46E+17,TelePolitics,Telegraph
7.46E+17,itvnews,dsj_itv
7.46E+17,Telegraph,TelePolitics
7.46E+17,SkyNews,SkyData
7.46E+17,ScottGShore,mtvgeordieshore
7.46E+17,ScottGShore,MTVUK
7.46E+17,Telegraph,TelePolitics
7.46E+17,Telegraph,TelePolitics
7.46E+17,SkyNews,SkyNewsBreak
7.46E+17,suttonnick,bbckamal
7.46E+17,BBCNews,bbckamal
7.46E+17,itvnews,JonnyBlairITV
7.46E+17,DavidJo52951945,LeaveEUOfficial
7.46E+17,Alexicon83,LeeWatersUKIP
7.46E+17,Alexicon83,abbeypriorx
7.46E+17,TelePolitics,Telegraph
7.46E+17,Fight4UK,WritingSupplier
7.46E+17,Fight4UK,ElliotJCornish
7.46E+17,TelePolitics,Telegraph
7.46E+17,SkyNews,TomBoadle
7.46E+17,BBCNews,BBCReferendum
7.46E+17,suttonnick,BBCReferendum
7.46E+17,ChukaUmunna,BethRigby
7.46E+17,Fight4UK,trishywishy17
7.46E+17,Patriotic_Brit,mayfireflie
7.46E+17,DickGraceless,Jason_Spacey
7.46E+17,TelePolitics,Telegraph
7.46E+17,Telegraph,TelePolitics
7.46E+17,SkyNews,SkyNewsBreak
7.46E+17,Fight4UK,VOTELEAVEWOLVES
7.46E+17,benrileysmith,Steven_Swinford
7.46E+17,Fight4UK,ukipwebmaster
7.46E+17,Fight4UK,LeeWatersUKIP
7.46E+17,Telegraph,TelePolitics
7.46E+17,Fight4UK,abbeypriorx
7.46E+17,Fight4UK,sudhvir
7.46E+17,junayed_,lewisiwu
7.46E+17,Fight4UK,Frankie_Alpha
7.46E+17,AngrySalmond,AngrySalmond
7.46E+17,Fight4UK,Anon_Emy
7.46E+17,itvnews,chrisshipitv
7.46E+17,Fight4UK,GlennHutton
7.46E+17,RT_com,RTUKnews
7.46E+17,Fight4UK,tolman_richard
7.46E+17,Fight4UK,LeaveEUOfficial
7.46E+17,Fight4UK,GeorgeMorrall
7.46E+17,Telegraph,TelePolitics
7.46E+17,Fight4UK,AlasdairIS
7.46E+17,Fight4UK,theresedonnelly
7.46E+17,Fight4UK,PrescottBeth
7.46E+17,Fight4UK,vote_leave
7.46E+17,BBCNews,BBCDomC
7.46E+17,Telegraph,nickyharley
7.46E+17,SkyNews,SophyRidgeSky
7.46E+17,Telegraph,TelePolitics
7.46E+17,RT_com,RTUKnews
7.46E+17,Bonn1eGreer,davidschneider
7.46E+17,Telegraph,TelePolitics
7.46E+17,RT_com,RTUKnews
7.46E+17,suttonnick,BBCNews
7.46E+17,BBCNews,BabitaBBC
7.46E+17,montie,benrileysmith
7.46E+17,BBCNews,BBCBreaking
7.46E+17,TelePolitics,Telegraph
7.46E+17,DickGraceless,SimonNRicketts
7.46E+17,TheGreenParty,CarolineLucas
7.46E+17,StrongerInPress,CarolineLucas
7.46E+17,suttonnick,tanit
7.46E+17,Telegraph,TelePolitics
7.46E+17,TelePolitics,Telegraph
7.46E+17,itvnews,VinnyITV
7.46E+17,itvnews,PaulBrandITV
7.46E+17,StrongerInPress,TristramHuntMP
7.46E+17,Telegraph,TelePolitics
7.46E+17,itvnews,PDuckworthITV
7.46E+17,RT_com,RTUKnews
7.46E+17,Telegraph,TelePolitics
7.46E+17,Australiaunwra6,tonydezyn
7.46E+17,TheCraggus,Favstar_Bot
7.46E+17,RT_com,EisaAli_RT
7.46E+17,Telegraph,TelePolitics
7.46E+17,andyburnhammp,LabourHomeTeam
7.46E+17,LouiseMensch,William_Hingley
7.46E+17,LouiseMensch,TheJSug
7.46E+17,RT_com,RTUKnews
7.46E+17,Australiaunwra6,amierog666
7.46E+17,itvnews,Alison1mackITV
7.46E+17,TheGreenParty,natalieben
7.46E+17,TheEconomist,EconCharlesRead
7.46E+17,BBCNews,CliveMyrieBBC
7.46E+17,itvnews,DanielHewittITV
7.46E+17,RT_com,RTUKnews
7.46E+17,Australiaunwra6,AUTraveled
7.46E+17,TelePolitics,Telegraph
7.46E+17,itvnews,VinnyITV
7.46E+17,DVATW,cathynewman
7.46E+17,TelePolitics,Telegraph
7.46E+17,TelePolitics,Telegraph
7.46E+17,Australiaunwra6,Drury7Drury
7.46E+17,TelePolitics,Telegraph
7.46E+17,itvnews,BobConstantine
7.46E+17,itvnews,JonnyBlairITV
7.46E+17,Telegraph,TelePolitics
7.46E+17,BBCNews,BBCReferendum
7.46E+17,britainelects,stephenkb
7.46E+17,suttonnick,BBCReferendum
7.46E+17,BBCNews,BBCBreaking
7.46E+17,Australiaunwra6,UKLightCreation
7.46E+17,LouiseMensch,suzannelynch1
7.46E+17,RT_com,RTUKnews
7.46E+17,Australiaunwra6,Australiaunwra6
7.46E+17,LouiseMensch,uk_rants
7.46E+17,BBCNews,BBCkatyaadler
7.46E+17,Alexicon83,TheSharminator
7.46E+17,SkyNews,KayBurley
7.46E+17,RT_com,RTUKnews
7.46E+17,sturdyAlex,DIMBLEBOT
7.46E+17,Bonn1eGreer,stevef140545465
7.46E+17,Australiaunwra6,free_leave
7.46E+17,BBCNews,BBCkatyaadler
7.46E+17,TheGreenParty,MollyMEP
7.46E+17,TelePolitics,Telegraph
7.46E+17,TelePolitics,Telegraph
7.46E+17,Australiaunwra6,independent_lab
7.46E+17,Australiaunwra6,richparr79
7.46E+17,itvnews,BeckyKellyNews
7.46E+17,BBCNews,BBCkatyaadler
7.46E+17,BBCNews,BabitaBBC
7.46E+17,SkyNews,SunriseIsabel
7.46E+17,SkyNews,faisalislam
7.46E+17,Australiaunwra6,FXdestination
7.46E+17,suttonnick,OpiniumResearch
7.46E+17,SkyNews,jamesmatthewsky
7.46E+17,RT_com,RTUKproducer
7.46E+17,RT_com,RTUKnews
7.46E+17,BBCNews,BBCReferendum
7.46E+17,RT_com,RTUKnews
7.46E+17,Telegraph,TelePolitics
7.46E+17,DVATW,mickfealty
7.46E+17,Telegraph,TelePolitics
7.46E+17,RT_com,RT_America
7.46E+17,RT_com,RTUKnews
7.46E+17,benrileysmith,nickyharley
7.46E+17,AngrySalmond,DucksScotland
7.46E+17,Australiaunwra6,ObeWanKenobiiii
7.46E+17,AngrySalmond,AngrySalmond
7.46E+17,Telegraph,TelePolitics
7.46E+17,AngrySalmond,edwhitfield
7.46E+17,Telegraph,TelePolitics
7.46E+17,suttonnick,BBCReferendum
7.46E+17,suttonnick,BBCReferendum
7.46E+17,Telegraph,TelePolitics
7.46E+17,TelePolitics,Telegraph
7.46E+17,Alexicon83,Walters_Rex
7.46E+17,RT_com,RTUKnews
7.46E+17,Alexicon83,CapX
7.46E+17,Alexicon83,GoodwinMJ
7.46E+17,Alexicon83,anna_firth
7.46E+17,JuliaHB1,wallaceme
7.46E+17,TelePolitics,Telegraph
7.46E+17,RT_com,RTUKnews
7.46E+17,Alexicon83,britainelects
7.46E+17,BBCNews,BBCPolitics
7.46E+17,itvnews,BeckyKellyNews
7.46E+17,PrisonPlanet,cameronbrownuk
7.46E+17,RT_com,RTUKnews
7.46E+17,TelePolitics,Telegraph
7.46E+17,BBCNews,bbckamal
7.46E+17,BBCBreaking,bbckamal
7.46E+17,Australiaunwra6,JohnTrubach2k18
7.46E+17,Australiaunwra6,numewsm
7.46E+17,TheEconomist,MSLJeconomist